from_node,to_node,length_m,highway,name,road_importance,connectivity
6502334495,6502334500,17.50304497959092,service,unnamed,1,12
6502334495,6502334499,65.65842818173498,service,unnamed,1,12
6502334495,6618795967,33.574372292099746,service,unnamed,1,10
6502334500,6502334502,17.217955585170888,service,unnamed,1,12
6502334500,6502334495,17.50304497959092,service,unnamed,1,12
6502334500,6502334499,50.72406697694585,service,unnamed,1,12
6502334502,6502334504,16.092013561869802,service,unnamed,1,12
6502334502,6502334500,17.217955585170888,service,unnamed,1,12
6502334502,6502334501,50.57559978082277,service,unnamed,1,12
6502334499,6502334501,17.52357978396104,service,unnamed,1,12
6502334499,6502334500,50.72406697694585,service,unnamed,1,12
6502334499,6502334495,65.65842818173498,service,unnamed,1,12
6502334504,11829812934,16.77546958644077,service,unnamed,1,12
6502334504,6502334502,16.092013561869802,service,unnamed,1,12
6502334504,6502334503,50.41297963302377,service,unnamed,1,12
6502334501,6502334499,17.52357978396104,service,unnamed,1,12
6502334501,6502334503,15.464832538303606,service,unnamed,1,12
6502334501,6502334502,50.57559978082277,service,unnamed,1,12
11936366639,6458224772,464.29073977358075,secondary,unnamed,3,4
6502334505,1987622560,75.96480930759391,tertiary,unnamed,2,7
6502334505,2511126289,24.44951418204,service,unnamed,1,10
9947422766,414355183,60.98668094529285,tertiary,Udyog Vihar Phase V Road,2,8
9947422766,9947422765,190.86124227233321,residential,unnamed,1,10
9947422765,414356845,54.93172489193011,residential,unnamed,1,12
9947422765,414355291,55.8834571285076,residential,unnamed,1,12
9947422765,9947422766,190.86124227233321,residential,unnamed,1,10
5066137690,5066137691,51.34850277721421,unknown,Rapid MetroRail Gurgaon,1,12
5066137690,2533456540,819.0113576476036,unknown,Rapid MetroRail Gurgaon,1,12
5066137690,2533456440,699.0031202876163,unknown,Rapid MetroRail Gurgaon,1,8
5066137691,2533456456,80.99310433056328,unknown,Rapid MetroRail Gurgaon,1,8
5066137691,5066137690,51.34850277721421,unknown,Rapid MetroRail Gurgaon,1,12
5066137691,2533456505,496.7906329042845,unknown,Rapid MetroRail Gurgaon,1,8
10989109416,414357457,37.60493510851009,service,unnamed,1,14
10989109416,414357457,63.59554897769938,service,unnamed,1,14
10989109416,4202113995,7.567729857199119,service,unnamed,1,12
10989109418,4202113995,13.939394640919225,service,unnamed,1,12
10989109418,11502351047,24.928972854421495,service,unnamed,1,12
10989109418,10989109419,38.57335721326143,service,unnamed,1,8
10989109419,10989109418,38.57335721326143,service,unnamed,1,8
1987707061,6092400252,78.30828629833466,residential,unnamed,1,6
1987707061,3735847367,155.31681907746108,secondary,Shankar Chowk Road,3,8
1564065975,10989140266,21.70842060075554,service,unnamed,1,12
1564065975,4203709996,176.459780937336,service,unnamed,1,12
1564065975,414357459,229.77332112075652,service,unnamed,1,12
1564884115,1564884117,90.27713603735602,service,unnamed,1,14
1564884115,1564884116,15.62109899639616,residential,National Media Centre - Peripheral Road,1,12
1564884115,13049915258,33.54271797094288,residential,National Media Centre - Peripheral Road,1,12
3735847143,6322678063,72.2699176401134,tertiary,unnamed,2,4
3735847145,3735847143,10.930361138515396,tertiary,unnamed,2,6
3735847145,6618494674,73.37650952927245,service,unnamed,1,7
3735847149,10691006887,31.79778367578405,service,unnamed,1,7
3735847149,3735847154,10.385985426109102,service,unnamed,1,6
3735847153,3735847149,6.11442985123599,service,unnamed,1,6
3735847153,6435054460,319.02175395218455,service,unnamed,1,4
3735847154,3735847153,32.42547050866953,service,unnamed,1,6
2727469321,2727469348,107.88975972078048,unknown,unnamed,1,8
10044490006,1648207233,232.88033566745932,residential,unnamed,1,8
2727469348,2727388947,995.2724086192504,unknown,unnamed,1,14
2727469348,2727388945,479.8723523135917,unknown,unnamed,1,16
2727469348,2727469321,107.88975972078046,unknown,unnamed,1,8
11308884321,4196520849,51.643008243696144,service,unnamed,1,8
6191751550,6191751551,66.32039224339056,tertiary,unnamed,2,6
6191751551,6191751552,6.463837707980936,tertiary,unnamed,2,6
6191751551,1399602319,215.08117014772742,service,unnamed,1,7
6191751552,13245943518,30.054941703088254,service,unnamed,1,7
6191751552,6322678029,270.2273693259336,tertiary,unnamed,2,7
6191751560,6191751561,14.618940730936886,tertiary,unnamed,2,6
6191751560,1399602322,123.02984158107566,service,DLF Tower 10th Road,1,7
6191751561,12794137678,16.54080631515301,tertiary,unnamed,2,7
6191751561,12794137661,111.70410162413347,service,DLF Tower 10th Road,1,7
5974196625,5974196626,13.25743614341959,service,unnamed,1,12
5974196625,9913624543,251.0353150813889,service,unnamed,1,12
5974196625,10901226762,84.04532837516042,service,unnamed,1,14
5974196626,5974196625,13.25743614341959,service,unnamed,1,12
5974196626,5974196626,391.48269066801805,service,unnamed,1,12
5974196626,5974196626,391.48269066801805,service,unnamed,1,12
6539387285,3504656971,59.79317812710196,tertiary,unnamed,2,8
6539387285,6539370083,30.43614375966304,service,unnamed,1,10
3735847344,3735847346,118.92474908392907,service,unnamed,1,8
3735847345,12100548992,147.6171548958913,residential,unnamed,1,7
3735847345,3735847346,12.522005203553263,service,unnamed,1,9
3735847346,3735847347,8.586177289670763,service,unnamed,1,8
3735847346,3735847344,118.92474908392907,service,unnamed,1,8
3735847346,3735847364,239.89517721148792,service,unnamed,1,9
3735847347,3735847346,8.586177289670763,service,unnamed,1,8
3735847364,3735847368,120.51045602732935,service,unnamed,1,6
3735847367,3735847368,16.323017706084794,secondary,Shankar Chowk Road,3,8
3735847367,6480871155,6.200775857400637,service,unnamed,1,9
3735847367,3735847364,25.23603621593402,service,unnamed,1,8
3735847368,3735847369,72.30887119256427,secondary,Shankar Chowk Road,3,9
3735847369,6649930270,7.074402256620542,service,unnamed,1,10
3735847369,266586002,76.4564164737208,secondary,Shankar Chowk Road,3,9
3735847369,7257851866,155.65310425016077,service,unnamed,1,12
10012516899,6539370078,105.20813893984477,service,unnamed,1,8
10012516903,10012516905,28.573512541965083,service,unnamed,1,10
10012516904,10012516905,103.73294883468004,service,unnamed,1,10
414351844,1564014083,140.89101479231647,tertiary,Jwala Mill Marg,2,11
414351844,266586113,21.447156965869528,tertiary,Jwala Mill Marg,2,12
414351844,11002861919,37.26185791147043,residential,unnamed,1,12
6723402651,11502109251,10.081666939508432,service,unnamed,1,10
6723402651,3225859831,33.55565858545877,service,unnamed,1,11
6723402652,6723402653,10.210337020051394,service,unnamed,1,13
6723402652,11502109248,5.383780613164299,service,unnamed,1,14
6723402652,6723402650,18.09967142361357,service,unnamed,1,9
6723402652,6723402651,15.415159706385364,service,unnamed,1,12
6723402653,6723402649,18.96004002964828,service,unnamed,1,8
6723402653,6723402652,10.210337020051394,service,unnamed,1,13
6723402653,11502109237,111.2331324213501,service,unnamed,1,12
10988986891,10988993069,40.49787702299815,service,unnamed,1,8
10988986891,266586026,124.77512081314845,service,unnamed,1,9
11502314008,11502116248,12.41799884539298,service,unnamed,1,12
11502314008,414357453,37.34217752921305,service,unnamed,1,12
11502314008,11502314013,84.8890785922251,service,unnamed,1,12
11502314013,414357454,5.590500423436184,service,unnamed,1,12
11502314013,11502314020,18.844963376348357,service,unnamed,1,12
11502314013,11502314008,84.8890785922251,service,unnamed,1,12
6649930270,3735847369,7.074402256620542,service,unnamed,1,10
6649930270,6480871155,88.17644504385146,secondary,Shankar Chowk Road,3,8
10882769441,4203710493,42.13831401417426,service,unnamed,1,8
11502314018,11502193099,9.512537728475817,service,unnamed,1,12
11502314018,414357453,11.381892640973597,service,unnamed,1,12
11502314018,11502314017,11.115020749006842,footway,unnamed,1,8
10012516900,10012516902,29.40446909503851,service,unnamed,1,10
10012516901,10012516902,99.85829386313549,service,unnamed,1,10
10012516902,10012516901,99.85829386313549,service,unnamed,1,10
10012516902,10012516900,29.40446909503851,service,unnamed,1,10
10012516902,10012516905,15.223690824711657,service,unnamed,1,16
10012516902,10012516909,16.101261430716296,service,unnamed,1,14
10976543268,4196528044,94.53840544569374,service,unnamed,1,6
10012516905,6539370078,14.394826280011632,service,unnamed,1,14
10012516905,10012516904,103.73294883468004,service,unnamed,1,10
10012516905,10012516903,28.573512541965083,service,unnamed,1,10
10012516905,10012516902,15.223690824711657,service,unnamed,1,16
10012516906,10012516907,33.26483907999947,service,unnamed,1,8
10012516906,10012516909,21.11846187273131,service,unnamed,1,12
10012516906,6539370067,68.36843670212211,service,unnamed,1,12
10012516907,10012516906,33.26483907999947,service,unnamed,1,8
10012516908,10012516909,31.542007324526196,service,unnamed,1,8
10012516909,10012516908,31.542007324526196,service,unnamed,1,8
10012516909,10012516902,16.101261430716296,service,unnamed,1,14
10012516909,10012516906,21.11846187273131,service,unnamed,1,12
9914122796,4202142605,30.114337630201184,service,unnamed,1,8
11502109236,6723402665,41.10816200236101,service,unnamed,1,11
11502109236,11502196683,0.6119025038474671,service,unnamed,1,12
11502109236,11502109237,43.884592078429556,service,unnamed,1,12
11502109237,11502109236,43.884592078429556,service,unnamed,1,12
11502109237,6723402653,111.2331324213501,service,unnamed,1,12
11502109237,6723402665,15.774656348751753,service,unnamed,1,11
11502109238,11502196683,3.66334019327904,service,unnamed,1,12
11502109238,6723402668,57.03665813894143,service,unnamed,1,12
11502109238,11502109248,101.38407598929562,service,unnamed,1,13
11502109248,6723402652,5.383780613164299,service,unnamed,1,14
11502109248,11502109249,9.414652291041405,service,unnamed,1,9
11502109248,11502109238,101.38407598929564,service,unnamed,1,13
11502109249,11502109248,9.414652291041405,service,unnamed,1,9
11502109251,6723402651,10.081666939508432,service,unnamed,1,10
11502109251,1987622489,59.58202349729509,service,unnamed,1,11
11502109251,11502109248,15.687746971689563,service,unnamed,1,12
2686108235,13974256566,4.509242337315289,service,unnamed,1,12
2686108235,2686108242,199.31525129515603,"['service', 'footway']",unnamed,1,12
2686108235,12919086435,63.14298923163438,service,unnamed,1,10
2686108242,2334514826,26.983902729002192,service,unnamed,1,10
2686108242,6322678076,102.4350769155233,service,unnamed,1,10
2686108242,2686108235,199.31525129515606,"['service', 'footway']",unnamed,1,12
10989273700,9913894234,84.64381392309843,service,unnamed,1,12
10989273700,9913894237,633.2933623453623,service,unnamed,1,12
10989273700,10989273701,29.991182886973725,service,unnamed,1,10
10989273701,10989273700,29.991182886973725,service,unnamed,1,10
10989273701,6322697196,171.8883860250994,secondary,Shankar Chowk Road,3,7
3046318706,3225859836,34.04704419939284,footway,unnamed,1,18
3046318706,1408792540,79.90138214028535,unknown,unnamed,1,20
3046318706,1408792540,79.90622510866027,footway,unnamed,1,20
3046318706,1408792516,58.3501744785592,unknown,unnamed,1,20
3046318706,1408792482,27.291412333286132,footway,unnamed,1,16
4145980061,249223913,64.38220481282403,tertiary,Jacaranda Marg,2,14
4145980061,1374550416,83.85531831056898,tertiary,Jacaranda Marg,2,12
4145980061,1374530064,71.21996264285205,residential,unnamed,1,12
6639608480,6639656685,24.25001185407445,tertiary,unnamed,2,6
11502199509,11502199517,27.949072750764813,service,unnamed,1,12
11502199509,535297603,8.23011321102299,service,unnamed,1,10
11502199509,11502199514,33.77162912588058,service,unnamed,1,8
11502199517,11502196849,37.14697979548347,service,unnamed,1,12
11502199517,11502199509,27.949072750764813,service,unnamed,1,12
11502199517,11502199516,15.714808184219628,service,unnamed,1,8
11502199516,11502199517,15.714808184219628,service,unnamed,1,8
11502199514,11502199509,33.77162912588058,service,unnamed,1,8
4138651468,414356444,22.716908836226324,residential,unnamed,1,12
4138651468,4146080485,55.975479574049125,residential,unnamed,1,12
4138651468,4146080479,96.3794085594279,residential,unnamed,1,12
4196533015,535297615,20.43937804596994,residential,unnamed,1,8
4196533015,4196533021,166.62169501467997,service,unnamed,1,8
4196533021,6093474195,8.525339661610968,residential,unnamed,1,7
4196533021,4196533015,166.62169501467997,service,unnamed,1,8
12114627082,12114627094,34.35135300399712,service,unnamed,1,12
12114627082,12114627094,116.45699163556351,service,unnamed,1,12
12114627082,12114627080,10.439750882015478,service,unnamed,1,10
10882728746,4202142626,28.77282425212318,residential,unnamed,1,8
10882728747,4203730289,27.002275892791356,service,unnamed,1,8
4196533036,12100496070,58.420274629387656,service,unnamed,1,8
4196533036,6192903180,160.39402250667115,service,unnamed,1,14
4196533036,12105551278,31.803283550260662,service,unnamed,1,8
7479404864,13967298979,41.50244974059497,tertiary,unnamed,2,7
7479404864,13245943532,20.319613327413144,footway,unnamed,1,10
6865208219,6865208220,60.889254322230016,residential,unnamed,1,12
6865208219,6865208227,61.46521470651147,residential,unnamed,1,12
6865208219,2721037502,65.27109588381518,residential,unnamed,1,14
6865208220,6865208219,60.889254322230016,residential,unnamed,1,12
6865208220,6865208221,61.568014556915934,residential,unnamed,1,12
6865208220,1376471702,532.8862833412222,residential,unnamed,1,8
6865208221,6865208227,61.519068241818424,residential,Gulmohar Marg,1,12
6865208221,6865208220,61.568014556915934,residential,unnamed,1,12
6865208221,6435697499,1098.5857228943316,residential,Gulmohar Marg,1,8
6865208225,6865208227,37.5046505466609,residential,Gulmohar Marg,1,8
6865208227,6865208221,61.519068241818424,residential,Gulmohar Marg,1,12
6865208227,6865208219,61.46521470651147,residential,unnamed,1,12
6865208227,6865208225,37.5046505466609,residential,Gulmohar Marg,1,8
414352332,4135484362,30.124856271273416,residential,unnamed,1,14
414352332,4135552591,88.1144690284531,residential,unnamed,1,14
414352332,4135552606,66.00469966191565,residential,unnamed,1,14
414352332,6556589435,65.7099121000897,residential,unnamed,1,14
414352335,4202142604,20.025524508649546,residential,unnamed,1,12
414352335,4202142601,36.990847902369964,residential,unnamed,1,12
414352335,4202142605,25.704599274472233,residential,unnamed,1,12
10882761705,4202142620,22.10000534793625,service,unnamed,1,6
10882761706,4202142615,21.62957989753919,service,unnamed,1,8
11021370367,9911436692,45.68166586261462,service,unnamed,1,8
11502109742,11502351043,6.571302837642699,service,unnamed,1,12
11502109742,414357454,13.64219924814859,service,unnamed,1,12
11502109742,11502109744,12.685015385700936,service,unnamed,1,12
11502109744,11502109743,9.265806958187826,service,unnamed,1,8
11502109744,11502109745,12.52081051710722,service,unnamed,1,8
11502109744,11502109742,12.685015385700936,service,unnamed,1,12
11502109743,11502109744,9.265806958187826,service,unnamed,1,8
11502109745,11502109744,12.52081051710722,service,unnamed,1,8
8096670781,4567599947,11.974080382238942,footway,unnamed,1,14
8096670781,4252843443,55.238678401159575,footway,unnamed,1,14
8096670781,4252843419,18.523962704064832,footway,unnamed,1,14
8096670781,4252843435,16.35525878537579,footway,unnamed,1,14
7050634342,7050634343,32.10430551642998,service,unnamed,1,12
7050634342,7050634343,56.23479002386925,service,unnamed,1,12
7050634342,7050634344,41.821455181326684,service,unnamed,1,12
7050634343,7050634344,10.588580007876143,service,unnamed,1,12
7050634343,7050634342,32.10430551642998,service,unnamed,1,12
7050634343,7050634342,56.23479002386925,service,unnamed,1,12
7050634344,1358732526,15.467117765480166,service,unnamed,1,10
7050634344,7050634343,10.588580007876143,service,unnamed,1,12
7050634344,7050634342,41.821455181326684,service,unnamed,1,12
10148717674,4146148475,25.94901909899875,residential,unnamed,1,8
10148717675,10148717676,23.175041071454878,residential,unnamed,1,8
10148717675,1374550420,175.03746468355607,residential,unnamed,1,12
10148717675,11021357124,59.06927811020563,residential,unnamed,1,8
10148717676,10148717675,23.175041071454878,residential,unnamed,1,8
5228569728,5228569730,179.5883022049867,tertiary_link,unnamed,1,4
5228569728,5228569761,65.60954978973511,tertiary,unnamed,2,7
5228569733,6189878326,18.965654845341792,tertiary,unnamed,2,6
5228569738,5228569728,47.69440020945141,tertiary,unnamed,2,6
267125891,268432069,23.891314607495104,motorway_link,unnamed,1,6
267125891,1564804660,137.02300470800415,secondary,unnamed,3,7
5228569750,6322678033,89.00050056386785,tertiary,Service Road,2,4
5228569759,11502427881,9.433240861494857,tertiary,unnamed,2,6
5228569759,1384175073,41.87331577619328,service,unnamed,1,7
5228569757,6322678288,43.790371881773396,tertiary,unnamed,2,6
5228569757,6322678031,46.101303578135855,tertiary,Service Road,2,6
5228569761,1648207137,14.89247195559776,tertiary,unnamed,2,8
5228569761,6618494658,85.08524907535678,service,unnamed,1,10
11002856687,266586019,30.16244212301173,tertiary,Udyog Vihar Phase V Road,2,8
11002856687,11002856689,115.04250666274157,service,unnamed,1,6
11002856689,11002856687,115.04250666274157,service,unnamed,1,6
11502265602,11502265604,39.66536008815477,service,unnamed,1,8
11502265603,11502196852,12.273566577361848,residential,unnamed,1,8
11502265603,11502265604,7.679109127930964,service,unnamed,1,10
11502265604,11502265602,39.66536008815477,service,unnamed,1,8
11502265604,11502265603,7.679109127930964,service,unnamed,1,10
11502265604,11502265611,23.30814017187649,service,unnamed,1,10
1648207112,3735847145,26.717004085607055,tertiary,unnamed,2,7
1648207112,1648207144,20.78927360417675,service,unnamed,1,12
10901226761,1564804659,3.297409390147858,tertiary,Jacaranda Marg,2,16
10901226761,11502196675,27.173086127947183,tertiary,Jacaranda Marg,2,13
10901226761,10901226762,460.6410362955553,unknown,unnamed,1,16
10901226761,11481660764,266.1871287109853,unknown,unnamed,1,16
10901226762,2721061525,3266.410886505113,unknown,unnamed,1,10
10901226762,10901226761,460.6410362955553,unknown,unnamed,1,16
10901226762,5974196625,84.04532837516042,service,unnamed,1,14
10901226762,4146148485,10.585283008373683,service,unnamed,1,12
11502265611,11502265603,16.947017869481712,residential,unnamed,1,8
11502265611,11502265604,23.308140171876488,service,unnamed,1,10
1648207137,1648207112,22.167803173714983,tertiary,unnamed,2,8
1648207137,1648207167,21.647166031565167,service,unnamed,1,12
1648207144,1648207167,9.587510544281407,service,unnamed,1,16
1648207144,1648207167,26.904105799879588,unknown,unnamed,1,16
1648207144,1648207167,55.77358164716624,unknown,unnamed,1,16
1648207144,1648207112,20.78927360417675,service,unnamed,1,12
1648207146,10994046781,247.67575277440454,residential,unnamed,1,8
1648207167,1648207144,9.587510544281407,service,unnamed,1,16
1648207167,1648207144,55.77358164716624,unknown,unnamed,1,16
1648207167,1648207144,26.904105799879588,unknown,unnamed,1,16
1648207167,1648207137,21.647166031565163,service,unnamed,1,12
6645548364,6645548364,141.57125230892754,service,unnamed,1,12
6645548364,6645548364,141.5712523089275,service,unnamed,1,12
6645548364,6645548375,41.437901061230875,service,unnamed,1,10
6645548375,6542335570,27.414550195598817,tertiary,unnamed,2,8
6645548375,6645548364,41.437901061230875,service,unnamed,1,10
9913894234,9913894237,80.50224648660739,service,unnamed,1,12
9913894234,10680334619,91.40573240936753,service,unnamed,1,12
9913894234,10989273700,84.64381392309843,service,unnamed,1,12
9913894235,6820022778,108.35650430250584,secondary,unnamed,3,7
9913894235,10170571720,29.70880161845046,service,unnamed,1,10
9913894237,9913894234,80.50224648660738,service,unnamed,1,12
9913894237,10989273700,633.2933623453623,service,unnamed,1,12
9913894237,10170571720,30.97450041902018,service,unnamed,1,12
2721061505,2721037502,2637.148628679467,unknown,unnamed,1,10
1648207212,1648207262,52.20672862732786,service,unnamed,1,8
1648207212,4139895943,22.60111961551409,residential,U 59 Road,1,12
1648207212,1648207233,34.18551196737005,residential,U 59 Road,1,12
9911436672,4140072182,4.4898656599818905,residential,unnamed,1,10
9911436672,9911436676,38.31700657170106,residential,U-1,1,9
1648207233,1648207212,34.18551196737005,residential,U 59 Road,1,12
1648207233,1648207257,37.25786561909796,residential,U 59 Road,1,12
1648207233,10044490006,232.88033566745935,residential,unnamed,1,8
9911436674,484649628,4.4902481829595855,residential,U-75,1,10
9911436674,9911436672,68.23644938324927,residential,U-1,1,8
9911436675,484649621,5.9841134811102945,residential,U-77,1,10
9911436675,9911436674,32.051282121161314,residential,U-1,1,8
9911436676,254569287,4.489627138993717,residential,unnamed,1,10
9911436676,537504271,35.67112976202975,residential,unnamed,1,13
9911436678,12099973714,7.268788082594263,residential,U-1,1,8
9911436678,4140072293,33.7862389229647,residential,Road Number 16,1,10
9911436679,4140072296,33.49548994119443,residential,unnamed,1,10
9911436679,9911436678,99.11477844551628,residential,U-1,1,8
9911436681,5228569733,3.9143685582636767,tertiary,unnamed,2,6
9911436681,9911436679,135.3672617314673,residential,U-1,1,7
9911436683,254569407,54.76115861697149,residential,U-35,1,12
9911436683,254569400,46.75160981851567,residential,U-35,1,12
9911436683,9911436684,63.914452613854365,residential,unnamed,1,12
9911436684,9911436683,63.914452613854365,residential,unnamed,1,12
9911436684,254569384,7.00227008734084,residential,unnamed,1,12
9911436684,254569380,25.7908938456186,residential,unnamed,1,12
1648207238,9911496077,22.66559426494436,living_street,unnamed,1,12
1648207238,1648207343,72.767083692268,living_street,unnamed,1,12
1648207238,10994046781,59.2068658333804,residential,unnamed,1,12
9911436686,3735851081,4.809766793791,service,unnamed,1,8
9911436688,9911436690,78.15166105496851,service,unnamed,1,8
9911436689,7085339390,88.66695209282736,service,unnamed,1,8
9911436690,9911436688,78.15166105496851,service,unnamed,1,8
9911436690,7085339387,75.95872608762647,service,unnamed,1,12
9911436690,9911436692,152.48573664565558,service,unnamed,1,12
9911436692,9911436690,152.48573664565558,service,unnamed,1,12
9911436692,7085339388,74.85007946060733,service,unnamed,1,12
9911436692,11021370367,45.68166586261462,service,unnamed,1,8
13600662931,273456813,157.0473659985798,secondary,unnamed,3,8
13600662931,13600662932,48.2937660504878,residential,unnamed,1,6
1648207257,1648207350,88.13645947053922,living_street,U 54 Road,1,8
1648207257,1648207233,37.25786561909796,residential,U 59 Road,1,12
1648207257,537504271,30.66606105619473,residential,U 59 Road,1,14
13600662932,13600662931,48.2937660504878,residential,unnamed,1,6
1648207262,1648207212,52.20672862732786,service,unnamed,1,8
11502314017,11502314018,11.115020749006842,footway,unnamed,1,8
1648207289,9911496085,87.76600867473861,service,unnamed,1,8
11502314019,11502314020,9.46652518142071,footway,unnamed,1,8
11491501509,1374550411,952.5302328482651,tertiary,Jacaranda Marg,2,8
11502314020,11502314013,18.844963376348357,service,unnamed,1,12
11502314020,11502296508,5.874045005618641,service,unnamed,1,12
11502314020,11502314019,9.46652518142071,footway,unnamed,1,8
6542350901,6542350902,14.704556451380085,service,unnamed,1,12
6542350901,6542350903,39.04136132063902,service,unnamed,1,12
6542350901,6542350906,77.9226464230607,service,unnamed,1,12
6542350903,6542350913,11.502621835299674,service,unnamed,1,12
6542350903,6542350907,12.889983592234072,service,unnamed,1,12
6542350903,6542350901,39.04136132063902,service,unnamed,1,12
1648207343,9911496085,17.398442378962606,service,unnamed,1,12
1648207343,1648207238,72.767083692268,living_street,unnamed,1,12
1648207343,1648207415,75.22421302473889,residential,unnamed,1,12
1648207350,1648207257,88.13645947053922,living_street,U 54 Road,1,8
1648207351,1648207415,202.25445898881787,living_street,unnamed,1,8
1648207361,3225859831,20.963506532066386,footway,unnamed,1,12
1648207361,9911627576,24.245135938220262,service,unnamed,1,12
1648207361,1648207402,73.21690039691909,service,unnamed,1,12
10272736787,1648207722,8.298468264074275,service,DLF Tower 10th Road,1,7
10272736787,6191492609,27.56398486726761,service,unnamed,1,10
4203709989,11502116247,2.870271732203594,service,unnamed,1,12
4203709989,7479404788,70.73981881172085,service,unnamed,1,8
4203709989,4203709996,72.48924477402949,service,unnamed,1,12
1648207402,1648207422,11.426286854891938,service,unnamed,1,12
1648207402,1648207361,73.21690039691907,service,unnamed,1,12
1648207402,1987622489,43.9729955577603,footway,unnamed,1,12
4203709996,11502116248,4.093050671637794,service,unnamed,1,12
4203709996,1564065975,176.459780937336,service,unnamed,1,12
4203709996,4203709989,72.48924477402949,service,unnamed,1,12
14086882873,10989004992,26.28068097807501,tertiary,Moulsari Road,2,8
14086882875,13740066394,22.47719780453368,tertiary,Moulsari Road,2,6
14086882875,14086882873,18.51156868930534,tertiary_link,unnamed,1,7
1564804660,9911627574,135.76903746104128,secondary,unnamed,3,8
1564804660,8824533022,24.757050901206817,tertiary,Jacaranda Marg,2,9
14086882869,10989004992,323.0790351999285,service,unnamed,1,6
1648207415,7466305977,12.707573308385387,residential,unnamed,1,12
1648207415,1648207351,202.25445898881785,living_street,unnamed,1,8
1648207415,1648207343,75.22421302473889,residential,unnamed,1,12
1648207422,1648207402,11.426286854891938,service,unnamed,1,12
1648207422,9911627574,20.130709704448442,service,unnamed,1,10
1648207422,6322678020,94.4223365046649,footway,unnamed,1,12
4135552591,414352332,88.1144690284531,residential,unnamed,1,14
4135552591,4135550265,77.38243110785942,residential,unnamed,1,12
4135552591,11002861916,106.89246491044747,residential,unnamed,1,12
13740066389,5239413211,55.22513665784626,secondary,unnamed,3,6
13740066389,11381082095,20.00352795481151,secondary_link,unnamed,1,9
13740066394,13740066389,12.622790542260102,secondary,unnamed,3,6
4135552606,414352332,66.00469966191565,residential,unnamed,1,14
4135552606,414357310,71.52288848623587,residential,unnamed,1,12
4135552606,4135552613,330.5184478786056,residential,unnamed,1,12
1648207457,9911627576,102.30640085020656,pedestrian,unnamed,1,12
1648207457,1648520566,51.685246436956774,footway,unnamed,1,12
1648207457,1648520570,62.14976864762504,footway,unnamed,1,12
4135552613,266586113,36.60628100665615,tertiary,Jwala Mill Marg,2,12
4135552613,266586110,92.9692112682806,tertiary,Jwala Mill Marg,2,12
4135552613,4135552606,330.5184478786056,residential,unnamed,1,12
10116228715,3735851081,71.9315372504132,service,unnamed,1,10
10116228715,6479976602,13.811308082889166,tertiary,unnamed,2,8
4196427375,5487635744,171.09735781101335,residential,unnamed,1,8
4135552624,4203723651,34.69309870224048,residential,unnamed,1,12
4135552624,414357310,37.68253979966127,residential,unnamed,1,12
4135552624,4203723647,23.986482174076023,residential,unnamed,1,12
4135552629,12121633221,39.718296208272875,tertiary,Udyog Vihar Phase V Road,2,10
4135552629,4203730475,37.999840873802555,residential,unnamed,1,14
4135552629,12121633219,20.22225413114233,service,unnamed,1,12
6092400252,3735847345,37.474334094561186,residential,unnamed,1,6
6092400259,6322697197,35.68659150468443,secondary,unnamed,3,6
6092400259,6092400252,69.64952063059582,secondary_link,unnamed,1,6
13036758665,7479404928,20.33367387942882,path,unnamed,1,12
13036758665,13036758676,18.671604159875976,path,unnamed,1,12
13036758665,1564884144,60.7383474491648,"['service', 'path']",unnamed,1,12
13036758669,1564884117,28.727523343220042,path,unnamed,1,14
13036758669,13036758668,19.582565234404015,path,unnamed,1,12
13036758669,1564884116,108.73148778303155,"['residential', 'path']",unnamed,1,12
13036758673,1564884143,26.523397284250784,path,unnamed,1,12
13036758673,13118738692,23.86159398512957,path,unnamed,1,12
13036758673,1564884158,128.9829684313539,"['residential', 'path']",unnamed,1,12
13036758676,13036758668,7.661114332920709,path,unnamed,1,12
13036758676,13036758667,5.8382324434902655,path,unnamed,1,12
13036758676,13036758665,18.671604159875976,path,unnamed,1,12
2723994000,11455750858,95.16507718508466,unknown,DLF Downtown Gurugram,1,16
2723994000,11455750858,97.55646296620807,unknown,unnamed,1,16
2723994000,11455750857,878.1594998594238,unknown,DLF Downtown Gurugram,1,16
2723994000,11843196698,436.91439568294834,unknown,unnamed,1,16
12114627093,12114627080,32.916942795920995,residential,unnamed,1,8
12114627093,12114627094,10.65372790169176,service,unnamed,1,10
2727388897,2750406296,108.57690930735583,unknown,unnamed,1,12
2727388897,2750406296,435.03557403431216,unknown,unnamed,1,12
2727388897,13293576219,140.62972517943174,unknown,unnamed,1,14
4202142619,1673046539,26.37882757255379,residential,unnamed,1,12
4202142619,1673046535,3.2890658165939732,residential,unnamed,1,12
4202142619,4202142617,29.873089876304267,service,unnamed,1,8
4202142620,266586025,35.0344273603599,tertiary,Udyog Vihar Phase V Road,2,10
4202142620,10882761705,22.10000534793625,service,unnamed,1,6
537459054,10994054528,48.32038737568615,residential,unnamed,1,12
537459054,537504269,67.24080358031297,residential,U-50,1,12
537459054,537504277,104.57906852890247,residential,U-50,1,12
2727388924,13293576219,418.4750848276278,unknown,unnamed,1,16
2727388924,13293576219,418.4750848276278,unknown,DLF Cyber Hub,1,16
2727388924,2727388969,299.0346838615283,unknown,unnamed,1,16
2727388924,2727388969,299.0346838615283,unknown,DLF Cyber Hub,1,16
1648207617,1408792649,117.91929734350741,service,DLF Tower 10th Road,1,7
2727388943,2723958521,455.9441925187911,unknown,unnamed,1,16
2727388943,4196437754,779.1571650653788,unknown,unnamed,1,14
2727388943,2852587591,60.930700202376556,unknown,unnamed,1,12
2727388945,2727388969,52.76651217643749,unknown,unnamed,1,18
2727388945,2727388969,52.76651217643749,unknown,DLF Cyber Hub,1,18
2727388945,2727388947,403.1568090652576,unknown,DLF Cyber Hub,1,18
2727388945,2727388947,403.17975522436154,unknown,unnamed,1,18
2727388945,2727469348,479.8723523135917,unknown,unnamed,1,16
6618760977,1408792540,8.828758026866687,footway,unnamed,1,24
6618760977,1408792540,8.828758026866687,unknown,unnamed,1,24
6618760977,1408792553,15.691207156368645,footway,unnamed,1,24
6618760977,1408792553,15.691207156368645,unknown,unnamed,1,24
6618760977,10086383082,17.51075542853217,service,unnamed,1,16
6618760977,6193181067,19.90471782207569,service,unnamed,1,16
6618760977,3225859836,72.21842997372329,service,unnamed,1,22
6618760978,6618760980,71.08963881982307,service,DLF Tower 10th Road,1,8
6618760978,6618760979,12.71247600560488,service,unnamed,1,8
6618760979,6618760981,70.45768012160063,service,DLF Tower 10th Road,1,8
6618760979,6618760978,12.71247600560488,service,unnamed,1,8
6618760980,6618760981,12.301488568879076,service,unnamed,1,8
6618760980,6618760982,83.73271758592351,service,DLF Tower 10th Road,1,8
6618760981,1358732524,83.5189503957948,service,DLF Tower 10th Road,1,10
6618760981,6618760980,12.301488568879076,service,unnamed,1,8
6618760982,1358732524,13.042848856711602,service,unnamed,1,10
6618760982,1359090720,100.0043910715683,service,DLF Tower 10th Road,1,8
2727388947,2727388945,403.1568090652576,unknown,DLF Cyber Hub,1,18
2727388947,2727388945,403.17975522436154,unknown,unnamed,1,18
2727388947,2727469348,995.2724086192504,unknown,unnamed,1,14
2727388947,13293576219,326.1160170624619,unknown,DLF Cyber Hub,1,16
4202142632,4202142629,25.28501495984716,service,unnamed,1,6
2727388969,2727388924,299.0346838615283,unknown,unnamed,1,16
2727388969,2727388924,299.0346838615283,unknown,DLF Cyber Hub,1,16
2727388969,2727388945,52.76651217643749,unknown,unnamed,1,18
2727388969,2727388945,52.76651217643749,unknown,DLF Cyber Hub,1,18
4202142633,4202142629,40.550449574657904,tertiary,Udyog Vihar Phase V Road,2,8
4202142633,4202142635,25.81332376329798,residential,unnamed,1,6
1564804659,6322678020,61.02489722952001,service,unnamed,1,14
1564804659,8824533022,21.386158754540016,tertiary,Jacaranda Marg,2,13
1564804659,10901226761,3.297409390147858,tertiary,Jacaranda Marg,2,16
1564804659,9911627590,350.73253003283907,service,unnamed,1,12
4202142635,4202142633,25.81332376329798,residential,unnamed,1,6
266585960,6093474187,98.0883118594037,secondary,unnamed,3,6
11502118761,6322678020,21.278537708115493,service,unnamed,1,12
11502118761,6723402668,15.533582625948535,service,unnamed,1,12
11502118761,11502196682,62.5106203081044,service,unnamed,1,12
1648207722,6191492622,54.332150159971086,tertiary,unnamed,2,8
1648207726,13295285671,29.54309926214274,footway,unnamed,1,12
1648207726,1408792707,140.7539524395454,footway,unnamed,1,12
1648207726,13295285670,35.2875206133117,footway,unnamed,1,12
13049915258,1564884115,33.54271797094288,residential,National Media Centre - Peripheral Road,1,12
13049915258,1564884112,14.61654024968816,residential,National Media Centre - Peripheral Road,1,12
13049915258,13049915268,61.6067401001613,service,unnamed,1,8
13049915262,13049915261,39.12045656712209,residential,unnamed,1,12
13049915262,7479404916,29.56677800453011,residential,unnamed,1,12
13049915262,13049915263,62.48221120522057,path,unnamed,1,12
13049915263,13049915266,19.464239588565977,path,unnamed,1,12
13049915263,13049915260,9.415859844671317,path,unnamed,1,12
13049915263,13049915262,62.48221120522057,path,unnamed,1,12
1374513027,1374513033,162.83951690072163,residential,unnamed,1,8
13049915268,13049915258,61.6067401001613,service,unnamed,1,8
13049915269,13240462311,7.586304281994302,residential,National Media Centre - Peripheral Road,1,12
13049915269,13240462310,45.240438911022835,residential,National Media Centre - Peripheral Road,1,12
13049915269,1564884154,24.59780851713183,path,unnamed,1,12
13049915265,7479404924,135.06875941848955,service,unnamed,1,10
13049915266,13049915263,19.464239588565977,path,unnamed,1,12
13049915266,13049915267,29.349283357611256,service,unnamed,1,8
13049915266,13049915261,29.361244577378056,path,unnamed,1,12
1374513033,1374530046,55.108355692912525,residential,unnamed,1,12
1374513033,1374530051,175.66800011992805,residential,unnamed,1,12
1374513033,1374513027,162.83951690072163,residential,unnamed,1,8
1374513034,1374513037,132.50524809181078,residential,unnamed,1,8
13049915267,13049915266,29.349283357611256,service,unnamed,1,8
1374513037,1374530048,52.84362597040347,residential,unnamed,1,12
1374513037,1374513034,132.50524809181078,residential,unnamed,1,8
1374513037,1374530064,237.38368171780945,residential,unnamed,1,12
4202142651,4202142656,60.70541562255586,residential,unnamed,1,12
4202142651,4202142647,50.47071348344281,residential,unnamed,1,12
4202142651,4202142643,66.90140067287057,residential,unnamed,1,12
266586002,414355182,69.26051282862767,tertiary,Udyog Vihar Phase V Road,2,7
266586002,1997715947,158.41013296787796,secondary,Shankar Chowk Road,3,4
249120661,249120664,654.1258620169501,secondary,Sector Road to Sector 56,3,6
249120664,2212557614,431.5910665297817,secondary,Sector Road to Sector 56,3,4
249120664,5228569738,47.612451586794755,secondary_link,unnamed,1,6
266586019,4135552629,50.45839417081851,tertiary,Udyog Vihar Phase V Road,2,10
266586019,4203730476,38.4370204658151,residential,unnamed,1,10
266586024,4202142626,20.216650145559324,residential,unnamed,1,12
266586024,1673046539,32.62923246742379,residential,unnamed,1,12
266586024,4202142620,36.470485352072444,tertiary,Udyog Vihar Phase V Road,2,10
266586025,4202142615,55.39028622673049,residential,unnamed,1,12
266586025,4203730289,20.56296537543175,residential,unnamed,1,12
266586025,4135550232,72.28042241614226,tertiary,Udyog Vihar Phase V Road,2,10
266586026,4135484329,184.74697333933668,tertiary,Jwala Mill Marg,2,9
266586026,10988986891,124.77512081314845,service,unnamed,1,9
1648207181,7466305919,65.75414450844701,residential,U 59 Road,1,12
1648207181,4139895943,11.778382512076012,residential,U 59 Road,1,12
1648207181,9911496077,60.2414321985575,living_street,unnamed,1,12
7257851863,7257851866,11.213838546938991,service,unnamed,1,12
7257851863,7257851866,47.33531757675841,service,unnamed,1,12
7257851863,7257851867,72.34648638884644,service,unnamed,1,8
7257851866,7257851863,11.213838546938991,service,unnamed,1,12
7257851866,7257851863,47.33531757675841,service,unnamed,1,12
7257851866,3735847369,155.65310425016082,service,unnamed,1,12
9913624542,249223913,7.017937049113787,tertiary,Jacaranda Marg,2,12
9913624542,1374550423,44.605912921897186,tertiary,Jacaranda Marg,2,8
9913624543,1374550423,3.377330920233516,tertiary,Jacaranda Marg,2,10
9913624543,5974196625,251.0353150813889,service,unnamed,1,12
9913624543,11502196675,45.16627712875732,tertiary,Jacaranda Marg,2,11
11381082095,2723958521,65.42430820111421,unknown,unnamed,1,16
11381082095,5487696282,45.66640851146879,unknown,unnamed,1,12
11381082095,5487696282,59.548297941303645,secondary_link,unnamed,1,12
266586108,414357313,83.38083112492227,residential,unnamed,1,12
266586108,414357312,48.329834865338775,residential,unnamed,1,12
266586108,414357310,80.10751472733483,residential,unnamed,1,12
266586110,4135552613,92.9692112682806,tertiary,Jwala Mill Marg,2,12
266586110,414357313,220.99679588771028,residential,unnamed,1,12
266586110,414348514,1133.537141521823,tertiary,Jwala Mill Marg,2,8
266586113,414351844,21.447156965869528,tertiary,Jwala Mill Marg,2,12
266586113,4135552613,36.60628100665615,tertiary,Jwala Mill Marg,2,12
266586113,9914134128,16.83421561431555,service,unnamed,1,12
266586114,9914134128,74.87447800996829,service,unnamed,1,12
266586114,266586116,77.7197568474868,service,unnamed,1,8
266586114,266586139,162.35485235337487,service,unnamed,1,10
266586116,266586114,77.7197568474868,service,unnamed,1,8
10588637199,10688491518,4.032160687779532,footway,unnamed,1,8
10588637199,10688491516,1.6262991582130517,footway,unnamed,1,12
10588637199,13246051195,23.791716692034875,"['steps', 'footway']",unnamed,1,12
10588637203,10588637204,9.906738297620965,footway,unnamed,1,12
10588637203,10688491516,33.091776600482795,footway,unnamed,1,12
10588637203,4505385305,163.08622247572941,footway,unnamed,1,12
10588637204,10588637203,9.906738297620965,footway,unnamed,1,12
10588637204,13246051194,19.605243093914453,"['steps', 'footway']",unnamed,1,12
10588637204,13246051194,19.802650907705075,"['steps', 'footway']",unnamed,1,12
4203710491,535297601,52.4099496428058,residential,unnamed,1,10
4203710491,4203710492,53.727644615414626,service,unnamed,1,6
4203710492,4203710491,53.727644615414626,service,unnamed,1,6
4203710493,414357453,15.707428069704227,service,unnamed,1,12
4203710493,11502113086,5.262371648106718,service,unnamed,1,11
4203710493,10882769441,42.13831401417426,service,unnamed,1,8
266586139,4202124060,17.285741808573654,service,unnamed,1,8
266586139,266586114,162.35485235337487,service,unnamed,1,10
2852587591,2852587592,669.2978897927117,unknown,unnamed,1,12
2852587591,2852587592,583.3883094422711,unknown,unnamed,1,12
2852587591,2727388943,60.93070020237655,unknown,unnamed,1,12
2852587592,2750406296,183.65332957179328,unknown,unnamed,1,12
2852587592,2852587591,669.2978897927117,unknown,unnamed,1,12
2852587592,2852587591,583.3883094422711,unknown,unnamed,1,12
10989111379,414357462,11.766976417621995,service,unnamed,1,12
10989111379,12114610917,40.705877034718,service,unnamed,1,12
10989111379,10989111380,55.22324358579862,service,unnamed,1,8
10989111380,10989111379,55.22324358579862,service,unnamed,1,8
10989004992,6095214876,415.80880116811994,tertiary,Moulsari Road,2,7
10989004992,14086882869,323.07903519992857,service,unnamed,1,6
12114610918,12114610919,45.314982152617766,service,unnamed,1,8
11021379822,5228569738,160.61004108826006,tertiary,unnamed,2,6
7479404788,4203709989,70.73981881172085,service,unnamed,1,8
7479404805,414357324,26.277640909095474,residential,unnamed,1,8
6322678020,1564804659,61.02489722952001,service,unnamed,1,14
6322678020,11502118761,21.278537708115493,service,unnamed,1,12
6322678020,1648207422,94.42233650466491,footway,unnamed,1,12
6322678029,6191751560,20.47377201678192,tertiary,unnamed,2,7
6322678029,13245943510,103.20198455143725,"['steps', 'footway']",unnamed,1,10
6322678031,5228569759,153.6115352454775,tertiary,unnamed,2,6
6322678033,6322678288,108.36748556099377,tertiary_link,unnamed,1,6
6322678033,5228569757,66.39411105587794,tertiary,Service Road,2,6
7479404859,6502334497,47.56561601594002,service,unnamed,1,14
7479404859,11829812934,16.156513505572438,service,unnamed,1,12
7479404859,7479404862,107.06341349709267,service,unnamed,1,10
7479404861,7479404862,9.194540403246613,service,unnamed,1,8
7479404861,9914269091,50.52840385385119,service,DLF Tower 10th Road,1,8
7479404862,1399602320,9.413264663751631,service,unnamed,1,8
7479404862,7479404859,107.06341349709268,service,unnamed,1,10
6322678076,2686108242,102.4350769155233,service,unnamed,1,10
6322678076,12919086435,46.359020579116624,tertiary,unnamed,2,8
7479404873,10118591257,32.51915763062521,residential,unnamed,1,8
7479404873,537456939,66.28925018309153,residential,unnamed,1,14
7479404873,537504269,187.62439524956343,residential,unnamed,1,12
7479404876,4140072305,47.388585820592255,residential,Gali Number 21,1,12
7479404876,4140072301,47.0121644680753,residential,Gali Number 21,1,12
7479404876,254569425,128.4424548295843,residential,unnamed,1,11
7479404884,7479404889,233.6663450675625,service,unnamed,1,8
7479404889,7479404908,9.498173792030329,service,unnamed,1,12
7479404889,7479404884,233.6663450675625,service,unnamed,1,8
7479404889,13271937724,35.75854590832996,residential,unnamed,1,8
7479404890,7479404903,8.030764822304986,service,unnamed,1,8
7479404890,7479404893,178.4394445595572,service,unnamed,1,8
7479404891,6095214876,10.126329722568075,service,unnamed,1,7
7479404891,6884597714,191.09099730809788,tertiary,Moulsari Road,2,8
7479404893,7479404908,10.01013254598976,service,unnamed,1,10
7479404893,7479404891,34.285242233084595,service,unnamed,1,8
7479404901,2339182003,9.545707006970293,service,unnamed,1,6
7479404901,7479404890,61.59582065749752,service,unnamed,1,7
7479404903,7479404890,8.030764822304986,service,unnamed,1,8
7479404903,2339182003,49.31413015967137,service,unnamed,1,7
7479404906,2332790935,7.782178261350073,tertiary,Moulsari Road,2,7
7479404906,7479404907,4.107562375314751,service,unnamed,1,7
7479404907,7479404891,11.393815682703211,tertiary,Moulsari Road,2,8
7479404907,7479404908,35.658617444196246,service,unnamed,1,10
7479404909,13049915260,26.722685013016992,residential,unnamed,1,8
7479404908,7479404889,9.498173792030329,service,unnamed,1,12
7479404908,7479404893,10.01013254598976,service,unnamed,1,10
7479404908,4567599950,163.88584829256024,service,unnamed,1,10
7479404913,13049915261,30.862803275940625,residential,unnamed,1,8
7479404916,1564884113,15.745962189644743,residential,National Media Centre - Peripheral Road,1,12
7479404916,7479404924,50.52377297140886,residential,National Media Centre - Peripheral Road,1,14
7479404916,13049915262,29.56677800453011,residential,unnamed,1,12
7479404923,1564884126,26.40224284977401,residential,National Media Centre - Peripheral Road,1,12
7479404923,1564884125,4.147017042397922,residential,National Media Centre - Peripheral Road,1,12
7479404923,1564884132,36.89577590881433,residential,unnamed,1,12
7479404924,7479404916,50.52377297140886,residential,National Media Centre - Peripheral Road,1,14
7479404924,1564884131,115.69022679292593,residential,National Media Centre - Peripheral Road,1,14
7479404924,1564884120,28.77894167117995,path,unnamed,1,16
7479404924,13049915265,135.06875941848955,service,unnamed,1,10
7466305919,537504282,5.880855287109779,residential,U 59 Road,1,12
7466305919,1648207181,65.75414450844701,residential,U 59 Road,1,12
7466305919,7466305920,43.86530397876713,residential,unnamed,1,8
7466305920,7466305919,43.86530397876713,residential,unnamed,1,8
7479404928,13036758665,20.33367387942882,path,unnamed,1,12
7479404928,1564884132,152.00166805759798,"['residential', 'path']",unnamed,1,12
7479404928,1564884148,34.618670900601025,residential,unnamed,1,12
6093474187,5228465982,152.1794862029044,secondary,unnamed,3,6
6093474195,4196533015,57.417443916029896,residential,unnamed,1,7
6093474195,6093474187,72.10750877126921,secondary_link,unnamed,1,6
10588645812,4505385305,20.390638591946363,"['steps', 'footway']",unnamed,1,12
10588645812,4505385305,21.651156034989036,"['steps', 'footway']",unnamed,1,12
10588645812,13246051191,48.244768661715796,footway,unnamed,1,10
7466305977,1648207415,12.707573308385387,residential,unnamed,1,12
7466305977,10994013953,18.593233460863175,residential,unnamed,1,12
7466305977,4135483767,89.29565262495397,residential,unnamed,1,12
11502193099,11502296508,5.708722528019409,service,unnamed,1,12
11502193099,11502314018,9.512537728475817,service,unnamed,1,12
11502193099,11502193100,50.009080793036404,service,unnamed,1,8
11502193100,11502193099,50.009080793036404,service,unnamed,1,8
9726454224,4196526868,20.50328772087566,service,unnamed,1,8
9726454224,9726454225,41.40927113916106,service,unnamed,1,6
9726454225,9726454224,41.40927113916106,service,unnamed,1,6
11021347285,1374530051,53.40575596578545,residential,M4,1,12
11021347285,11021347286,58.13684343990931,residential,unnamed,1,12
11021347285,1374530024,318.7488978370522,residential,M4,1,8
11021347286,1374530026,350.8371736365491,residential,M3,1,8
11021347286,1374530053,54.54094627944774,residential,M3,1,14
11021347286,11021347285,58.13684343990931,residential,unnamed,1,12
1374530024,11021347285,318.74889783705214,residential,M4,1,8
1374530026,11021347286,350.8371736365491,residential,M3,1,8
6820022770,6820022771,43.630168693924006,"['secondary', 'secondary_link']",unnamed,1,6
6820022770,11936366639,172.96306964625683,secondary_link,unnamed,1,6
6820022771,6820022779,20.309774799259042,secondary_link,unnamed,1,6
6820022778,11936366639,154.85740417975455,secondary,unnamed,3,6
6820022778,6820022771,66.60230223898348,construction,unnamed,1,6
6820022779,7041199945,22.585753576908978,secondary,unnamed,3,6
6820022779,444208682,383.7179248367737,secondary_link,unnamed,1,6
1374530046,1374513033,55.108355692912525,residential,unnamed,1,12
1374530046,1374530048,53.99935635450913,residential,unnamed,1,12
1374530046,1374530058,233.38990185404333,residential,unnamed,1,12
1374530048,1374530046,53.99935635450913,residential,unnamed,1,12
1374530048,1374513037,52.84362597040347,residential,unnamed,1,12
1374530048,1374530060,236.78683413986676,residential,unnamed,1,12
1673046530,1673046539,17.645766924121425,residential,unnamed,1,8
1374530051,1374530053,57.88478904021257,residential,unnamed,1,14
1374530051,1374513033,175.66800011992805,residential,unnamed,1,12
1374530051,11021347285,53.40575596578545,residential,M4,1,12
1374530053,1374530051,57.88478904021257,residential,unnamed,1,14
1374530053,11021347286,54.54094627944774,residential,M3,1,14
1374530053,1374530058,52.44721270914666,residential,unnamed,1,14
1374530053,412205004,70.33057906965628,residential,unnamed,1,16
1673046535,1673046536,129.33757497225906,residential,unnamed,1,8
1673046535,4202142619,3.2890658165939732,residential,unnamed,1,12
1673046535,4135484345,61.87840415385395,residential,unnamed,1,12
12114627080,11502265611,46.57366328053039,residential,unnamed,1,8
12114627080,12114627082,10.439750882015478,service,unnamed,1,10
537504266,537504273,180.14790534267283,residential,unnamed,1,8
537504269,537459054,67.24080358031297,residential,U-50,1,12
537504269,537504271,35.18047568450386,residential,unnamed,1,14
537504269,7479404873,187.62439524956343,residential,unnamed,1,12
12114627094,12114627082,34.35135300399712,service,unnamed,1,12
12114627094,12114627082,116.45699163556353,service,unnamed,1,12
12114627094,12114627093,10.65372790169176,service,unnamed,1,10
537504274,537504275,32.96891682964717,residential,U-51,1,12
537504274,4140072292,5.34828753190557,residential,U-80,1,12
537504274,9911436675,33.33642191654789,residential,U-1,1,10
537504275,537504277,33.722283094853395,residential,U-51,1,12
537504275,537504274,32.96891682964717,residential,U-51,1,12
537504275,537504271,170.16738339262798,residential,U-52,1,14
537504276,10994054528,73.18362494769526,residential,unnamed,1,12
537504276,537504281,31.95740953475605,residential,unnamed,1,12
537504276,537504278,106.35995606676788,residential,U-46,1,12
537504277,537504278,120.17127864896406,residential,U-51,1,12
537504277,537504275,33.722283094853395,residential,U-51,1,12
537504277,537459054,104.57906852890247,residential,U-50,1,12
537504278,537504277,120.17127864896406,residential,U-51,1,12
537504278,537504276,106.35995606676788,residential,U-46,1,12
537504278,537504279,37.41608047967979,residential,U-46,1,12
537504279,254569344,15.111195996631169,residential,Road Number 16,1,12
537504279,254569330,16.07286834824557,residential,Road Number 16,1,12
537504279,537504278,37.41608047967979,residential,U-46,1,12
537504280,254569360,19.03517682047496,residential,Road Number 16,1,12
537504280,254569344,19.586085850306286,residential,Road Number 16,1,12
537504280,537504281,143.5184385024767,residential,unnamed,1,12
537504281,537504276,31.95740953475605,residential,unnamed,1,12
537504281,537456939,37.00250188820264,residential,unnamed,1,14
537504281,537504280,143.5184385024767,residential,unnamed,1,12
537504282,11499273950,18.069654598620215,residential,U 59 Road,1,8
537504282,7466305919,5.880855287109779,residential,U 59 Road,1,12
537504282,4139895940,110.49528365696241,residential,unnamed,1,12
484649621,9911436675,5.9841134811102945,residential,U-77,1,10
484649621,484649625,118.10138350153136,residential,U-77,1,14
484649621,4140072292,31.632467438643925,residential,U-1,1,12
1376471702,6865208220,532.8862833412222,residential,unnamed,1,8
484649625,4140072181,33.01490126722553,residential,unnamed,1,14
484649625,484649630,35.20087807451976,residential,unnamed,1,16
484649625,10994052699,30.585575972224234,residential,U-78,1,14
484649625,484649621,118.10138350153136,residential,U-77,1,14
484649628,4146148457,55.686926282708264,residential,U-75,1,12
484649628,484649621,35.82697354391322,residential,U-1,1,12
484649628,9911436674,4.4902481829595855,residential,U-75,1,10
484649630,4146148457,61.04659630476235,residential,U-75,1,14
484649630,484649625,35.20087807451976,residential,unnamed,1,16
484649630,4196433217,27.425120917272164,residential,U-76,1,10
484649630,7484460907,34.44379074996453,residential,unnamed,1,14
1376471728,2721037502,81.91505661342705,residential,unnamed,1,24
1376471728,2721037502,81.91505661342705,unknown,unnamed,1,24
1376471728,11481660767,13.671940251164138,unknown,unnamed,1,24
1376471728,11481660767,13.671940251164138,unknown,द: NUKKAD,1,24
1376471728,11481660766,44.64146832334496,unknown,द: NUKKAD,1,24
1376471728,4140072289,109.07348258164944,residential,unnamed,1,22
1376471728,3225859831,72.84659121900792,residential,unnamed,1,22
1376471728,412205004,50.501908494448486,residential,unnamed,1,24
12100496077,4875345492,65.55671272877385,residential,unnamed,1,8
12100496077,9914122788,420.9988402381969,service,unnamed,1,8
4146080469,414357313,9.183512854550942,residential,unnamed,1,12
4146080469,414357312,77.90406051580914,residential,unnamed,1,12
4146080469,10978000603,33.42639956420204,residential,unnamed,1,8
4146080476,10277804492,30.70703889677387,residential,unnamed,1,8
4146080476,4146080477,35.28213932155167,residential,unnamed,1,12
4146080476,4203723660,73.70137233676444,residential,unnamed,1,12
12114610909,12114610908,49.89431582495207,service,unnamed,1,8
12114610911,12114610910,48.701693979351504,service,unnamed,1,8
12114610908,12114610915,7.551765111473277,service,unnamed,1,12
12114610908,12114610910,35.26717727683321,service,unnamed,1,12
12114610908,12114610909,49.89431582495207,service,unnamed,1,8
4146080477,4203723660,37.5800230131678,residential,unnamed,1,12
4146080477,4139896083,10.069490840547362,residential,unnamed,1,12
4146080477,4146080476,35.28213932155167,residential,unnamed,1,12
12114610910,12114610908,35.26717727683321,service,unnamed,1,12
12114610910,11502196849,48.391048315481676,service,unnamed,1,12
12114610910,12114610911,48.701693979351504,service,unnamed,1,8
12114610916,12114610920,41.88183776691655,service,unnamed,1,8
4146080479,4138651468,96.3794085594279,residential,unnamed,1,12
4146080479,4139896083,26.109073843028625,residential,unnamed,1,12
4146080479,11002892691,62.14565886890737,residential,unnamed,1,8
4146080480,4146080482,33.79669105584671,residential,unnamed,1,8
4146080482,4146080480,33.79669105584671,residential,unnamed,1,8
4146080482,414356222,36.3495117952416,residential,unnamed,1,14
4146080482,414356444,14.325779960215822,residential,unnamed,1,12
12114610915,12114610917,31.73051345357509,service,unnamed,1,12
12114610915,12114610908,7.551765111473277,service,unnamed,1,12
12114610915,12114610920,9.262249953869373,service,unnamed,1,12
4146080484,4146080485,34.01232391394409,residential,unnamed,1,8
4146080485,4146080484,34.01232391394409,residential,unnamed,1,8
4146080485,4138651468,55.975479574049125,residential,unnamed,1,12
4146080485,414354182,274.845980960933,residential,unnamed,1,8
12114610917,10989111379,40.705877034718,service,unnamed,1,12
12114610917,12114610915,31.73051345357509,service,unnamed,1,12
12114610917,12114610919,9.352999538086722,service,unnamed,1,12
12114610919,12114610918,45.314982152617766,service,unnamed,1,8
12114610919,12114610920,32.41098385761873,service,unnamed,1,12
12114610919,12114610917,9.352999538086722,service,unnamed,1,12
12114610920,12114610919,32.41098385761873,service,unnamed,1,12
12114610920,12114610916,41.88183776691655,service,unnamed,1,8
12114610920,12114610915,9.262249953869373,service,unnamed,1,12
414354174,4202142656,52.49091250798038,residential,unnamed,1,12
414354174,414356186,37.92708226208907,residential,unnamed,1,14
414354174,414356222,72.1971398438735,residential,unnamed,1,14
12122065666,4140072293,6.070901507810346,residential,U-2,1,10
12122065666,12099973714,34.058960432030574,residential,Road Number 16,1,8
414354182,4146080485,274.845980960933,residential,unnamed,1,8
4196526865,9726454224,54.67896804997921,service,unnamed,1,8
4196526865,10989015448,21.469719665454676,service,unnamed,1,10
4196526868,4196526869,16.01929897830746,service,unnamed,1,8
4196526868,10989015443,172.46738513120007,service,unnamed,1,10
4196526869,10988986891,25.19275910475054,service,unnamed,1,8
4196526869,10976506378,89.73888689051208,service,unnamed,1,6
254569287,4140072182,38.429395678600734,residential,U-1,1,11
254569287,4135483759,29.007526012158625,residential,Gali Number 69,1,11
254569287,9911436676,4.489627138993717,residential,unnamed,1,10
4567599945,4252843374,36.87164823060009,footway,unnamed,1,14
4567599945,4567599946,17.5879001862891,service,unnamed,1,14
4567599945,4567599945,192.31397379310417,unknown,DLF Phase III,1,16
4567599945,4567599945,192.31397379310417,unknown,DLF Phase III,1,16
4567599946,254569374,21.495452365382913,residential,unnamed,1,12
4567599946,254569368,11.837318170050294,residential,unnamed,1,12
4567599946,4567599945,17.5879001862891,service,unnamed,1,14
4567599947,8096670781,11.974080382238942,footway,unnamed,1,14
4567599947,9914282427,43.39516785470977,footway,DLF Cybercity footpath,1,10
4567599947,9942251755,191.5676623345576,footway,DLF Cybercity footpath,1,12
254569294,9911436678,6.103869053050957,residential,unnamed,1,11
254569294,2869097210,8459.038735472599,unknown,unnamed,1,9
254569294,4196437754,764.219806427046,unknown,unnamed,1,15
254569294,6618494678,114.39511814725518,residential,unnamed,1,11
4567599950,7479404903,11.980763538056587,service,unnamed,1,8
4567599950,4567599952,23.12197593167371,footway,unnamed,1,6
4567599952,4567599950,23.12197593167371,footway,unnamed,1,6
254569302,5487635745,5.491966250684554,residential,Gali Number 15,1,10
254569302,4140072301,45.627711372400036,residential,Gali Number 15,1,12
254569302,254569384,48.84654116749167,residential,unnamed,1,12
254569308,254569387,50.3667912559287,residential,Gali Number 19,1,12
254569308,4140072302,34.52282227624203,residential,Gali Number 15,1,12
254569308,4140072307,161.1605256257399,residential,Gali Number 19,1,12
254569322,254569330,34.76499054226394,residential,Road Number 16,1,12
254569322,12099973711,12.327684114416638,residential,Road Number 16,1,10
254569322,254569338,148.3118390450644,residential,U-4,1,12
254569330,537504279,16.07286834824557,residential,Road Number 16,1,12
254569330,254569322,34.76499054226394,residential,Road Number 16,1,12
254569330,254569338,111.00450901754603,residential,U-5,1,12
254569338,254569330,111.00450901754603,residential,U-5,1,12
254569338,254569322,148.3118390450644,residential,U-4,1,12
254569338,254569366,64.64278848693448,residential,unnamed,1,12
254569344,537504280,19.586085850306286,residential,Road Number 16,1,12
254569344,537504279,15.111195996631169,residential,Road Number 16,1,12
254569344,254569351,103.8490204028325,residential,U-6,1,8
5511809924,6649930270,235.77228196821298,secondary,Shankar Chowk Road,3,5
254569351,254569344,103.8490204028325,residential,U-6,1,8
254569360,537456909,15.265825528711579,residential,Road Number 16,1,12
254569360,537504280,19.03517682047496,residential,Road Number 16,1,12
254569360,254569366,111.82933211272189,residential,U-7,1,12
254569366,254569360,111.82933211272189,residential,U-7,1,12
254569366,254569368,34.78544556111903,residential,unnamed,1,12
254569366,254569338,64.64278848693448,residential,unnamed,1,12
254569367,254569369,36.514223243250406,residential,Road Number 16,1,12
254569367,537456909,15.676586023865262,residential,Road Number 16,1,12
254569367,254569368,112.65674206872035,residential,U-8,1,12
254569368,254569367,112.65674206872035,residential,U-8,1,12
254569368,254569366,34.78544556111903,residential,unnamed,1,12
254569368,4567599946,11.837318170050294,residential,unnamed,1,12
254569369,254569372,33.04450176804008,residential,Road Number 16,1,12
254569369,254569367,36.514223243250406,residential,Road Number 16,1,12
254569369,254569374,112.46834332350397,residential,U-9,1,12
254569372,254569375,34.658522862664775,residential,Road Number 16,1,12
254569372,254569369,33.04450176804008,residential,Road Number 16,1,12
254569372,254569376,113.85789323028351,residential,U-10,1,12
254569374,254569369,112.46834332350397,residential,U-9,1,12
254569374,4567599946,21.495452365382913,residential,unnamed,1,12
254569374,254569376,32.65340762158444,residential,unnamed,1,12
254569375,254569378,35.18524758671257,residential,Road Number 16,1,12
254569375,254569372,34.658522862664775,residential,Road Number 16,1,12
254569375,7479399178,113.2824132893235,residential,U-11,1,12
254569376,7479399178,35.887543860339456,residential,Gali Number 19,1,12
254569376,254569374,32.65340762158444,residential,unnamed,1,12
254569376,254569372,113.85789323028351,residential,U-10,1,12
254569378,254569395,15.792524624554426,residential,Road Number 16,1,12
254569378,254569375,35.18524758671257,residential,Road Number 16,1,12
254569378,254569379,115.4588929934404,residential,U-12,1,12
254569379,7479399178,34.40129644044662,residential,Gali Number 19,1,12
254569379,254569381,32.52924030953588,residential,Gali Number 19,1,12
254569379,254569378,115.4588929934404,residential,U-12,1,12
254569380,9911436684,25.7908938456186,residential,unnamed,1,12
254569380,254569395,18.32470216085597,residential,unnamed,1,12
254569380,254569381,115.94107865452968,residential,U-13,1,12
254569381,254569379,32.52924030953588,residential,Gali Number 19,1,12
254569381,254569387,33.39926350968828,residential,Gali Number 19,1,12
254569381,254569380,115.94107865452968,residential,U-13,1,12
6193942987,6193942881,65.09726572736855,residential,Lane Number V-40,1,12
6193942987,6193942881,421.1886980542609,residential,unnamed,1,12
6193942987,4146065095,50.32272389324377,residential,Lane Number V-40,1,8
254569384,254569302,48.84654116749167,residential,unnamed,1,12
254569384,9911436684,7.00227008734084,residential,unnamed,1,12
254569384,254569387,116.44904573743212,residential,U-14,1,12
254569387,254569381,33.39926350968828,residential,Gali Number 19,1,12
254569387,254569308,50.3667912559287,residential,Gali Number 19,1,12
254569387,254569384,116.44904573743212,residential,U-14,1,12
254569395,254569378,15.792524624554426,residential,Road Number 16,1,12
254569395,537457008,39.14648204708396,residential,U-35,1,12
254569395,254569380,18.32470216085597,residential,unnamed,1,12
254569398,4135484294,33.31228722244229,residential,U-36,1,12
254569398,9911496091,32.75915531193388,residential,unnamed,1,12
254569398,9911496090,35.445065657802715,residential,unnamed,1,12
254569400,537457008,23.643403394967947,residential,U-35,1,12
254569400,9911436683,46.75160981851567,residential,U-35,1,12
254569400,537457029,9.780917478542795,residential,U-36,1,12
254569407,9911436683,54.76115861697149,residential,U-35,1,12
254569407,254569420,17.636796132193556,residential,Gali Number 15,1,11
254569407,9914374136,11.91329653043712,residential,Gali Number 15,1,10
254569420,254569407,17.636796132193556,residential,Gali Number 15,1,11
254569420,9862084350,249.81748001205221,residential,Gali Number 15,1,7
4202113995,10989109416,7.567729857199119,service,unnamed,1,12
4202113995,10989109418,13.939394640919225,service,unnamed,1,12
4202113995,4202114000,62.72661091463089,service,unnamed,1,12
4202114000,10989140266,9.86215220556653,service,unnamed,1,12
4202114000,414357457,45.071093967028936,service,unnamed,1,14
4202114000,4202113995,62.72661091463089,service,unnamed,1,12
254569425,7479404876,128.4424548295843,residential,unnamed,1,11
254569425,254569420,46.55659627583507,residential,unnamed,1,10
254569426,254569432,99.79218551027309,residential,unnamed,1,4
254569432,254569425,107.8184910184804,residential,unnamed,1,8
13240462310,13049915269,45.240438911022835,residential,National Media Centre - Peripheral Road,1,12
13240462310,1564884134,76.18138156411597,residential,National Media Centre - Peripheral Road,1,12
13240462310,12874592608,93.80031956017054,residential,National Media Crentre Road,1,12
13240462311,13042775314,36.63143341108733,residential,unnamed,1,12
13240462311,1564884162,155.45632337417868,residential,National Media Centre - Peripheral Road,1,12
13240462311,13049915269,7.586304281994302,residential,National Media Centre - Peripheral Road,1,12
10978241546,13327512316,11.296327263785534,service,unnamed,1,6
10978241546,13327512316,476.04318669184823,service,unnamed,1,6
6189878326,11021379822,500.11333525360016,residential,unnamed,1,6
6189878326,11021379822,21.178619616351224,tertiary,unnamed,2,6
12794137661,1399602320,17.135777606365803,service,DLF Tower 10th Road,1,8
12794137661,12794137680,110.40475762529044,service,unnamed,1,10
12794137665,12794137680,26.181910165759046,service,unnamed,1,8
12794137666,12794137675,31.173156405649156,service,unnamed,1,8
12794137675,12794137691,4.885399317571204,service,unnamed,1,10
12794137675,12794137678,34.82260462405879,service,unnamed,1,10
12794137675,12794137666,31.17315640564915,service,unnamed,1,8
10989104206,10989089604,50.276691866326594,service,unnamed,1,8
12794137678,6193181071,43.726422024146686,tertiary,unnamed,2,8
12794137678,12794137675,34.82260462405879,service,unnamed,1,10
12794137680,12794137665,26.181910165759046,service,unnamed,1,8
12794137680,12794137661,110.40475762529044,service,unnamed,1,10
12794137680,12794137700,25.70405836832976,service,unnamed,1,10
12794137691,12794137675,4.885399317571204,service,unnamed,1,10
12794137691,12794137700,20.62149620692489,service,unnamed,1,8
2725432413,2721312541,951.8230261818113,unknown,unnamed,1,10
12794137700,12794137680,25.70405836832976,service,unnamed,1,10
12794137700,12794137691,11.974592130684623,service,unnamed,1,8
10996518018,9911496091,34.192358159837035,residential,unnamed,1,8
4139895940,4139895943,33.44094460834653,residential,unnamed,1,12
4139895940,537504282,110.49528365696241,residential,unnamed,1,12
4139895940,4135483759,156.43039567790325,residential,Gali Number 62,1,12
4139895943,1648207181,11.778382512076012,residential,U 59 Road,1,12
4139895943,1648207212,22.60111961551409,residential,U 59 Road,1,12
4139895943,4139895940,33.44094460834653,residential,unnamed,1,12
3512126602,4135484360,19.251453120882292,tertiary,Moulsari Road,2,12
3512126602,2332790935,53.81785548294916,tertiary,Moulsari Road,2,10
3512126602,6193942881,68.96954075906456,residential,Lane Number V-40,1,12
11002861916,11002861919,44.52975849890363,residential,unnamed,1,12
11002861916,4135552591,106.89246491044747,residential,unnamed,1,12
11002861916,11002861917,23.833993833402,service,unnamed,1,8
3742510225,5974363918,10.754898566118225,residential,unnamed,1,5
3742510225,11502351996,21.69237932975168,service,unnamed,1,10
3742510226,3742510234,115.31575216544167,service,unnamed,1,12
3742510226,3742510232,105.7867231798635,service,unnamed,1,8
3742510226,11502351996,11.93594142921468,service,unnamed,1,12
3742510232,3742510226,105.7867231798635,service,unnamed,1,8
3742510234,3742510226,115.31575216544167,service,unnamed,1,12
3742510234,3742510239,112.93283313444411,service,unnamed,1,8
3742510234,11502352003,50.80927613313624,service,unnamed,1,8
3742510239,3742510234,112.93283313444411,service,unnamed,1,8
11002861917,11002861916,23.833993833402,service,unnamed,1,8
4139896004,4139896014,106.05322022789296,residential,unnamed,1,9
4139896004,254569432,45.096299093740164,residential,unnamed,1,6
4139896014,254569425,47.90628062017692,residential,unnamed,1,11
4139896014,4139896018,106.32194286238824,residential,unnamed,1,10
4139896014,4140072305,130.33274621004045,"['service', 'residential']",unnamed,1,12
4139896018,4139896014,106.32194286238824,residential,unnamed,1,10
4139896018,4139896004,92.75364488062732,residential,unnamed,1,7
9872993499,13289640464,82.54222242537493,footway,unnamed,1,12
9872993499,11335757048,189.43287906874906,unknown,unnamed,1,12
9872993499,11335757048,39.65151307831025,unknown,unnamed,1,12
1988848864,3504656971,8.88351991642493,steps,unnamed,1,10
1988848864,4757946055,550.1309400831994,unknown,Rapid MetroRail Gurgaon,1,8
1988848864,2533456552,1477.3624731402922,unknown,Rapid MetroRail Gurgaon,1,12
10989014247,4135484308,52.90813437098934,service,unnamed,1,12
10989014247,4135484306,60.24848559786354,service,unnamed,1,12
10989014247,10989014248,40.898983944994946,service,unnamed,1,8
10989014248,10989014247,40.898983944994946,service,unnamed,1,8
11335757048,9872993499,39.65151307831025,unknown,unnamed,1,12
11335757048,9872993499,189.4328790687491,unknown,unnamed,1,12
11335757048,11335757052,81.57453115214334,"['steps', 'footway']",unnamed,1,8
11335757052,11335757048,81.57453115214334,"['steps', 'footway']",unnamed,1,8
4139896083,4146080477,10.069490840547362,residential,unnamed,1,12
4139896083,414356222,52.810306828357994,residential,unnamed,1,14
4139896083,4146080479,26.109073843028625,residential,unnamed,1,12
4139896086,4202050078,51.732956167139776,residential,unnamed,1,12
4139896086,414355527,115.94936539079933,residential,unnamed,1,12
4139896086,4203730476,36.09525955040418,residential,unnamed,1,12
5487635744,4135484324,189.77493613663324,residential,unnamed,1,8
5487635744,4196427375,171.09735781101338,residential,unnamed,1,8
5487635744,4135484344,143.58606465042521,residential,unnamed,1,12
5487635745,254569302,5.491966250684554,residential,Gali Number 15,1,10
5487635745,9914374136,47.50539520947263,residential,Gali Number 15,1,8
12100496070,4196533036,58.420274629387656,service,unnamed,1,8
5830110543,535297605,49.316343633277526,service,unnamed,1,7
5830110543,266585960,80.9285910804447,secondary,unnamed,3,6
1648520566,273456813,10.306960945527361,service,unnamed,1,10
1648520566,535297601,36.69241654477091,service,unnamed,1,12
1648520566,1648207457,51.685246436956774,footway,unnamed,1,12
1648520570,1648207457,62.14976864762504,footway,unnamed,1,12
1648520570,1648520588,54.49959393594531,footway,unnamed,1,10
1648520570,1648520582,43.75044013345007,footway,unnamed,1,10
1648520588,11502253744,19.844359418291937,residential,unnamed,1,8
1648520588,1648520570,54.49959393594531,footway,unnamed,1,10
9911496077,1648207238,22.66559426494436,living_street,unnamed,1,12
9911496077,1648207181,60.2414321985575,living_street,unnamed,1,12
9911496077,9911496085,108.47243643205516,service,unnamed,1,12
9911496085,1648207343,17.398442378962606,service,unnamed,1,12
9911496085,1648207289,87.76600867473861,service,unnamed,1,8
9911496085,9911496077,108.47243643205516,service,unnamed,1,12
9911496089,9911496090,63.15141094470117,living_street,unnamed,1,8
9911496090,9911496089,63.15141094470117,living_street,unnamed,1,8
9911496090,254569398,35.445065657802715,residential,unnamed,1,12
9911496090,10996535324,51.76974192779365,residential,unnamed,1,12
9911496091,4135483785,77.09052630245631,residential,unnamed,1,8
9911496091,10996518018,34.192358159837035,residential,unnamed,1,8
9911496091,254569398,32.75915531193388,residential,unnamed,1,12
12105551278,4196533036,31.803283550260666,service,unnamed,1,8
12105551279,4875345491,25.731916826562784,service,unnamed,1,10
4196511220,10989032223,63.462616592832156,service,unnamed,1,14
4196511220,4196511225,61.449743759815675,service,unnamed,1,10
4196511220,4196520833,70.33255397002496,service,unnamed,1,14
4196511220,414357411,91.26473268945068,service,unnamed,1,14
4196511225,4196511220,61.449743759815675,service,unnamed,1,10
6191492609,6191492620,12.035495368483918,service,unnamed,1,12
6191492609,10272736787,27.56398486726761,service,unnamed,1,10
6191492609,6191492614,73.77371549785562,service,unnamed,1,12
6191492614,6191492620,63.79890016716941,service,unnamed,1,12
6191492614,6191492621,9.949398138812127,service,unnamed,1,12
6191492614,6191492609,73.77371549785562,service,unnamed,1,12
6191492618,6191492619,79.93052831479618,service,unnamed,1,12
6191492618,6191492619,105.51945706783832,service,unnamed,1,12
6191492618,6191492620,17.084881251412362,service,unnamed,1,12
6191492619,6191492618,79.93052831479618,service,unnamed,1,12
6191492619,6191492618,105.51945706783832,service,unnamed,1,12
6191492619,6191492621,14.511480674665618,service,unnamed,1,12
6191492620,6191492609,12.035495368483918,service,unnamed,1,12
6191492620,6191492614,63.79890016716941,service,unnamed,1,12
6191492620,6191492618,17.084881251412362,service,unnamed,1,12
6191492621,6191492619,14.511480674665618,service,unnamed,1,12
6191492621,6191492614,9.949398138812127,service,unnamed,1,12
6191492621,6191492622,43.99545918182849,service,unnamed,1,11
6191492622,6502334505,120.2639998356565,tertiary,unnamed,2,9
6191492622,5228465956,467.5048123967244,tertiary_link,unnamed,1,10
6191492622,6191492621,43.99545918182849,service,unnamed,1,11
10994052699,7484462419,37.62678588460733,residential,U-78,1,8
10994052699,484649625,30.585575972224234,residential,U-78,1,14
10994052699,10994052701,24.407695597814005,residential,unnamed,1,8
10994052701,10994052699,24.407695597814005,residential,unnamed,1,8
9914134127,1564014083,14.776723231276831,service,unnamed,1,9
9914134127,9914134128,162.39058562220487,service,unnamed,1,10
9914134128,266586114,74.87447800996829,service,unnamed,1,12
9914134128,266586113,16.83421561431555,service,unnamed,1,12
9914134128,9914134127,162.39058562220487,service,unnamed,1,10
9914134138,4135484302,108.07613194957409,service,unnamed,1,8
414355084,414356845,72.08085736331815,residential,unnamed,1,8
6502334497,11829812933,16.464039367453356,service,unnamed,1,14
6502334497,2511126289,38.95426048830762,service,unnamed,1,14
6502334497,7479404859,47.56561601594002,service,unnamed,1,14
6502334497,13295285670,57.205304162758985,footway,unnamed,1,14
9945116352,3735854653,50.322854312928094,footway,unnamed,1,9
9945116352,4252843351,25.069170731568814,service,unnamed,1,8
6502334503,6502334501,15.464832538303606,service,unnamed,1,12
6502334503,11829812933,16.874456039072093,service,unnamed,1,12
6502334503,6502334504,50.41297963302377,service,unnamed,1,12
4146065095,6193942987,50.32272389324377,residential,Lane Number V-40,1,8
13245943507,6322678076,93.6167455715028,tertiary,unnamed,2,8
13245943507,13245943511,48.82274114836838,footway,unnamed,1,10
13245943508,13245943510,0.5772984705535381,footway,unnamed,1,12
13245943508,13245943509,15.461557060803111,steps,unnamed,1,12
13245943508,6322678027,6.764434600379832,"['steps', 'footway']",unnamed,1,12
13245943509,13245943511,0.6588832145102528,footway,unnamed,1,12
13245943509,13245943508,15.461557060803111,steps,unnamed,1,12
13245943509,6322678027,22.266292066430523,footway,unnamed,1,12
13245943510,13245943508,0.5772984705535381,footway,unnamed,1,12
13245943510,13245943511,15.46618837127454,steps,unnamed,1,12
13245943510,6322678029,103.20198455143723,"['steps', 'footway']",unnamed,1,10
13245943511,13245943509,0.6588832145102528,footway,unnamed,1,12
13245943511,13245943510,15.46618837127454,steps,unnamed,1,12
13245943511,13245943507,48.82274114836838,footway,unnamed,1,10
13245943513,13245943516,2.940566756627193,footway,unnamed,1,12
13245943513,13245943530,127.01048169540947,footway,unnamed,1,12
13245943513,13245943517,23.635538449109603,"['steps', 'footway']",unnamed,1,12
13245943515,13245943518,24.974489555695374,footway,unnamed,1,10
13245943515,13245943517,1.6092856288685158,footway,unnamed,1,12
13245943515,13245943516,21.743334865053182,"['steps', 'footway']",unnamed,1,12
13245943516,13245943513,2.940566756627193,footway,unnamed,1,12
13245943516,13245943517,20.31190108992055,steps,unnamed,1,12
13245943516,13245943515,21.743334865053182,"['steps', 'footway']",unnamed,1,12
13245943517,13245943516,20.31190108992055,steps,unnamed,1,12
13245943517,13245943515,1.6092856288685158,footway,unnamed,1,12
13245943517,13245943513,23.635538449109603,"['steps', 'footway']",unnamed,1,12
13245943518,1399602322,183.71879886300826,service,unnamed,1,8
13245943518,13245943515,24.974489555695374,footway,unnamed,1,10
13245943523,13245943532,2.9866524374532033,footway,unnamed,1,12
13245943523,13245943528,26.193614020753202,"['steps', 'footway']",unnamed,1,12
13245943523,13245943528,25.9427382239371,"['steps', 'footway']",unnamed,1,12
13245943528,13245943530,2.968367548830495,footway,unnamed,1,12
13245943528,13245943523,26.193614020753202,"['steps', 'footway']",unnamed,1,12
13245943528,13245943523,25.9427382239371,"['steps', 'footway']",unnamed,1,12
13245943530,13245943528,2.968367548830495,footway,unnamed,1,12
13245943530,13245943513,127.01048169540947,footway,unnamed,1,12
13245943530,13245943533,11.630883596169799,"['steps', 'footway']",unnamed,1,12
13245943532,13245943533,28.082412542918345,footway,unnamed,1,12
13245943532,13245943523,2.9866524374532033,footway,unnamed,1,12
13245943532,7479404864,20.319613327413144,footway,unnamed,1,10
13245943533,13245943532,28.082412542918345,footway,unnamed,1,12
13245943533,9942251755,44.85023304863351,footway,unnamed,1,12
13245943533,13245943530,11.630883596169799,"['steps', 'footway']",unnamed,1,12
414355182,10732197244,33.94835071611676,residential,unnamed,1,10
414355182,9947422766,50.88343753929921,tertiary,Udyog Vihar Phase V Road,2,8
414355183,11002856687,31.336032051529095,tertiary,Udyog Vihar Phase V Road,2,8
414355183,11002777962,74.84405637967842,residential,unnamed,1,10
2723958520,11843196698,605.6399623371971,unknown,unnamed,1,10
2723958521,11381082095,65.42430820111421,unknown,unnamed,1,16
2723958521,11843196698,2.825992905279963,unknown,unnamed,1,18
2723958521,11843196698,2.825992905279963,unknown,unnamed,1,18
2723958521,2727388943,455.9441925187911,unknown,unnamed,1,16
2723958521,4196437754,874.5652584828069,unknown,unnamed,1,18
4196437754,2723958521,874.5652584828068,unknown,unnamed,1,18
4196437754,2721312541,1853.2020217078884,unknown,unnamed,1,16
4196437754,254569294,764.219806427046,unknown,unnamed,1,15
4196437754,2727388943,779.1571650653786,unknown,unnamed,1,14
2721312541,4196437754,1853.2020217078884,unknown,unnamed,1,16
2721312541,2719652789,2348.0558879278506,unknown,unnamed,1,10
2721312541,2724959565,846.5347806220786,unknown,unnamed,1,14
2721312541,2725432413,951.8230261818113,unknown,unnamed,1,10
5228465956,13245943507,12.741946453007236,tertiary,unnamed,2,9
5228465956,6322678027,28.09050033567656,footway,unnamed,1,11
9911627574,1648207422,20.130709704448442,service,unnamed,1,10
9911627574,9911627575,127.6823598988302,secondary,unnamed,3,8
9911627575,9911627576,19.4094030295644,service,unnamed,1,10
9911627575,6467829008,934.3691851165115,secondary,unnamed,3,5
9911627576,9911627575,19.4094030295644,service,unnamed,1,10
9911627576,1648207361,24.245135938220262,service,unnamed,1,12
9911627576,1648207457,102.30640085020656,pedestrian,unnamed,1,12
7041199931,14086882875,17.930645572813734,tertiary,Moulsari Road,2,7
7041199931,6621969570,159.74473806070932,residential,National Media Crentre Road,1,9
5228465982,1987622565,186.4663401484329,secondary_link,unnamed,1,6
5228465982,11939315166,144.44319628938248,secondary,unnamed,3,6
9911627590,4757946061,35.241330425318864,tertiary,unnamed,2,7
9911627590,1564804659,350.732530032839,service,unnamed,1,12
7041199945,14086882873,39.39724263353379,secondary_link,unnamed,1,7
7041199945,11843196697,32.07138131248645,secondary,unnamed,3,6
414355291,11002777959,31.138470849096546,residential,unnamed,1,12
414355291,9947422765,55.8834571285076,residential,unnamed,1,12
414355291,11002827843,31.929703943882743,residential,unnamed,1,12
7484460905,7484460907,44.29854069965205,residential,U-73,1,8
7484460907,4146148455,61.21011384977468,residential,U-73,1,12
7484460907,484649630,34.44379074996453,residential,unnamed,1,14
7484460907,7484460905,44.29854069965205,residential,U-73,1,8
10976554858,4202142610,30.181362174770744,service,unnamed,1,8
2724843381,11455750857,620.2394848883387,unknown,unnamed,1,16
2724843381,2723994003,3440.601900984447,unknown,unnamed,1,10
2724843381,2724843381,1514.7421263220951,unknown,unnamed,1,16
2724843381,2724843381,1514.7421263220951,unknown,unnamed,1,16
13049530735,13049530736,47.3360987807914,service,unnamed,1,8
13049530736,535297604,27.82995997465236,service,unnamed,1,10
13049530736,4135484302,103.7653021782514,service,unnamed,1,12
13049530736,13049530735,47.3360987807914,service,unnamed,1,8
1374550411,1374550416,318.71162318457823,tertiary,Jacaranda Marg,2,12
1374550411,11491501509,952.5302328482649,tertiary,Jacaranda Marg,2,8
1374550411,6406125802,132.50942637621566,residential,unnamed,1,12
1374550416,4145980061,83.85531831056898,tertiary,Jacaranda Marg,2,12
1374550416,1374550411,318.71162318457823,tertiary,Jacaranda Marg,2,12
1374550416,6193115304,85.19785696087936,residential,unnamed,1,12
1374550418,4146148462,47.57672832793723,residential,unnamed,1,12
1374550418,6193115304,31.623572138519798,residential,unnamed,1,12
1374550418,4146148468,63.64817221648477,residential,N-6,1,12
4196528041,12114623609,18.27201081406542,service,unnamed,1,8
4196528041,9913826109,175.73933124016574,service,unnamed,1,8
4196528044,4196526865,6.387595466373742,service,unnamed,1,8
4196528044,10976543268,94.53840544569374,service,unnamed,1,6
1374550420,1374550421,52.890955452459785,residential,unnamed,1,12
1374550420,11021346059,7.820871963233595,residential,unnamed,1,12
1374550420,10148717675,175.03746468355607,residential,unnamed,1,12
1374550421,1374550427,54.3090845832725,residential,unnamed,1,12
1374550421,1374550420,52.890955452459785,residential,unnamed,1,12
1374550421,4146148475,162.12894509209298,residential,unnamed,1,12
6618795965,6618795966,113.02184326687653,service,unnamed,1,6
6618795966,8113691717,73.61537963232922,tertiary,unnamed,2,7
6618795966,6618795965,113.02184326687653,service,unnamed,1,6
6618795967,6618795966,60.40940062791204,tertiary,unnamed,2,8
6618795967,6502334495,33.574372292099746,service,unnamed,1,10
1374550423,9913624543,3.377330920233516,tertiary,Jacaranda Marg,2,10
1374550423,9913624542,44.46186235242177,tertiary,Jacaranda Marg,2,8
1374550427,1374550421,54.3090845832725,residential,unnamed,1,12
1374550427,249223913,69.56727805716264,residential,unnamed,1,14
1374550427,4146148482,216.15061164710247,residential,unnamed,1,12
1572294633,4203730472,39.31879516490993,residential,unnamed,1,10
1572294633,9914122788,36.38451784054874,tertiary,Udyog Vihar Phase V Road,2,8
10688491516,10588637199,1.6262991582130517,footway,unnamed,1,12
10688491516,10588637203,33.091776600482795,footway,unnamed,1,12
10688491516,13246051195,23.85749784110698,"['steps', 'footway']",unnamed,1,12
10688491518,10588637199,4.032160687779532,footway,unnamed,1,8
10976489471,4196520852,49.221610546329806,service,unnamed,1,8
10976489470,4196520860,50.89948670779854,service,unnamed,1,6
8824533018,10882669363,49.40491520423933,secondary,unnamed,3,6
10996535324,10996535325,31.35527246635036,residential,unnamed,1,8
10996535324,9911496090,51.76974192779365,residential,unnamed,1,12
10996535324,4135483763,283.3157829519556,residential,unnamed,1,8
8824533021,8824533022,260.8995137346251,tertiary,unnamed,2,8
8824533021,8824533018,777.838759627066,secondary_link,Flyover,1,6
8824533022,1564804659,21.386158754540016,tertiary,Jacaranda Marg,2,13
8824533022,1564804660,24.757050901206817,tertiary,Jacaranda Marg,2,9
10996535325,10996535324,31.35527246635036,residential,unnamed,1,8
11021357119,11502262313,34.687099176525514,residential,unnamed,1,8
11021357119,11502262315,11.439126838537868,service,unnamed,1,10
11021357120,11502262315,40.13257461061102,service,unnamed,1,8
414355527,11002827843,30.341734492223676,residential,unnamed,1,12
414355527,414356390,62.15998428207698,residential,unnamed,1,12
414355527,4139896086,115.94936539079933,residential,unnamed,1,12
3735851081,9911436686,4.809766793791,service,unnamed,1,8
3735851081,10116228715,71.9315372504132,service,unnamed,1,10
3735851081,6479976601,11.778677965203503,service,unnamed,1,12
11021357124,10148717675,59.06927811020563,residential,unnamed,1,8
3735851089,13974256566,52.51858718388959,service,unnamed,1,8
3735851101,5228465956,30.00683029065919,tertiary,unnamed,2,9
3735851101,6542350890,82.81204485660126,service,unnamed,1,12
6322678027,5228465956,28.09050033567656,footway,unnamed,1,11
6322678027,13245943508,6.764434600379831,"['steps', 'footway']",unnamed,1,12
6322678027,13245943509,22.266292066430523,footway,unnamed,1,12
2332790935,7479404907,6.003082382119564,tertiary,Moulsari Road,2,8
2332790935,3512126602,53.81785548294916,tertiary,Moulsari Road,2,10
6193115304,4146148466,20.895237474888507,residential,unnamed,1,12
6193115304,1374550418,31.623572138519798,residential,unnamed,1,12
6193115304,1374550416,85.19785696087936,residential,unnamed,1,12
8763576565,4135483778,32.077327796915625,residential,unnamed,1,12
8763576565,10996488457,28.835343393127346,residential,unnamed,1,8
8763576565,8763576566,36.28340639836399,residential,unnamed,1,8
8763576566,8763576565,36.28340639836399,residential,unnamed,1,8
13118738692,1564884156,22.918979122834134,path,unnamed,1,12
13118738692,13036758673,23.861593985129563,path,unnamed,1,12
13118738692,1564884130,80.69596789567373,"['residential', 'path']",unnamed,1,12
537456909,254569367,15.676586023865262,residential,Road Number 16,1,12
537456909,254569360,15.265825528711579,residential,Road Number 16,1,12
537456909,537456960,40.440023482319226,residential,unnamed,1,12
537456939,537456985,68.52021215770843,residential,unnamed,1,14
537456939,537504281,37.00250188820264,residential,unnamed,1,14
537456939,4135483780,33.03018076683179,residential,unnamed,1,14
537456939,7479404873,66.28925018309153,residential,unnamed,1,14
11502113078,11502113090,16.029318919689175,service,unnamed,1,11
11502113078,414357452,18.382920730777656,service,unnamed,1,11
11502113086,4203710493,5.262371648106718,service,unnamed,1,11
11502113086,11502113090,18.08467696397347,service,unnamed,1,11
11502113086,11502113078,136.13544015705583,service,unnamed,1,10
537456960,537456985,34.28459505796784,residential,unnamed,1,12
537456960,537456909,40.440023482319226,residential,unnamed,1,12
537456960,537457008,170.7514047159762,residential,U-34 Road,1,12
11502113090,11502113086,18.08467696397347,service,unnamed,1,11
11502113090,11502113078,16.029318919689175,service,unnamed,1,11
11502113090,11502113091,9.513457444946694,footway,unnamed,1,8
11502113091,11502113090,9.513457444946694,footway,unnamed,1,8
537456985,537456939,68.52021215770843,residential,unnamed,1,14
537456985,537456960,34.28459505796784,residential,unnamed,1,12
537456985,537457029,169.8366985054766,residential,unnamed,1,12
12874592608,13240462310,93.80031956017054,residential,National Media Crentre Road,1,12
12874592608,6621969570,21.975546609647846,residential,National Media Crentre Road,1,11
12874592608,12874592610,193.3916598849432,residential,unnamed,1,12
6193942881,6193942987,65.09726572736855,residential,Lane Number V-40,1,12
6193942881,6193942987,421.1886980542609,residential,unnamed,1,12
6193942881,3512126602,68.96954075906456,residential,Lane Number V-40,1,12
12874592610,1564884175,17.142423860117564,residential,unnamed,1,8
12874592610,13042775314,28.410637840386364,residential,unnamed,1,12
12874592610,12874592608,193.3916598849432,residential,unnamed,1,12
11002777959,414355291,31.138470849096546,residential,unnamed,1,12
11002777959,11002777962,84.41619383849637,residential,unnamed,1,12
11002777959,11002777960,32.062355749881995,residential,unnamed,1,8
11002777962,11002777959,84.41619383849637,residential,unnamed,1,12
11002777962,414355183,74.84405637967842,residential,unnamed,1,10
11002777962,11002777963,21.25363843731459,service,unnamed,1,8
11002777963,11002777962,21.25363843731459,service,unnamed,1,8
11002777960,11002777959,32.062355749881995,residential,unnamed,1,8
537457008,254569400,23.643403394967947,residential,U-35,1,12
537457008,254569395,39.14648204708396,residential,U-35,1,12
537457008,537456960,170.7514047159762,residential,U-34 Road,1,12
537457029,4135484294,29.539352507778933,residential,U-36,1,12
537457029,254569400,9.780917478542795,residential,U-36,1,12
537457029,537456985,169.8366985054766,residential,unnamed,1,12
6193181067,6618760977,19.90471782207569,service,unnamed,1,16
6193181070,6193181071,123.0516280986642,service,unnamed,1,6
6193181071,6618795967,14.621489368272682,tertiary,unnamed,2,8
6193181071,6193181070,123.0516280986642,service,unnamed,1,6
11002892691,4146080479,62.14565886890737,residential,unnamed,1,8
10989015443,10989015448,18.65934192023223,service,unnamed,1,12
10989015443,10989015448,80.04156528821721,service,unnamed,1,12
10989015443,4196526868,172.4673851312001,service,unnamed,1,10
10989015448,10989015443,18.65934192023223,service,unnamed,1,12
10989015448,10989015443,80.04156528821721,service,unnamed,1,12
10989015448,4196526865,21.469719665454676,service,unnamed,1,10
13967298970,10116228715,51.84568495024595,tertiary,unnamed,2,7
13967298979,13245944275,52.01980940227373,tertiary,unnamed,2,6
13967298979,13967298970,145.01264125801364,service,unnamed,1,6
10691006887,10691006888,59.014433581458825,service,unnamed,1,8
10691006887,6618494671,10.092072376471801,footway,unnamed,1,10
10691006888,6618494673,10.897737286190267,service,unnamed,1,10
10691006888,3735847143,142.81966115936527,service,unnamed,1,7
11002861920,11002861919,27.828389142075903,service,unnamed,1,8
9914282427,4567599947,43.395167854709776,footway,DLF Cybercity footpath,1,10
9914282427,2339181946,42.08228749134379,service,unnamed,1,8
12121633219,4145987188,84.84045575455214,service,unnamed,1,8
12121633219,12121633220,39.931547236802366,service,unnamed,1,12
12121633219,4135552629,20.22225413114233,service,unnamed,1,12
12121633220,12121633219,39.931547236802366,service,unnamed,1,12
12121633220,12121633222,77.05812460309303,service,unnamed,1,8
12121633220,12121633221,20.546031637500466,service,unnamed,1,10
12121633221,4202050075,18.794517226785302,tertiary,Udyog Vihar Phase V Road,2,8
12121633221,12121633220,20.546031637500466,service,unnamed,1,10
12121633222,12121633220,77.05812460309303,service,unnamed,1,8
9914282443,5228410048,170.54396117596863,tertiary,unnamed,2,7
9914282443,6542335505,94.90718504829611,service,unnamed,1,10
13245944275,13967298970,9.160907740259905,tertiary,unnamed,2,6
13245944275,6191751550,534.4002261824911,tertiary_link,unnamed,1,6
10976506378,4196526869,89.73888689051208,service,unnamed,1,6
13289640463,2511126289,25.821524490364908,service,unnamed,1,12
13289640463,13289640464,35.29760670099858,"['steps', 'footway']",unnamed,1,12
13289640463,13289640464,35.43808310814064,"['steps', 'footway']",unnamed,1,12
13289640464,9872993499,82.54222242537493,footway,unnamed,1,12
13289640464,13289640463,35.29760670099858,"['steps', 'footway']",unnamed,1,12
13289640464,13289640463,35.43808310814064,"['steps', 'footway']",unnamed,1,12
4202050075,1572294633,51.54964818805848,tertiary,Udyog Vihar Phase V Road,2,8
4202050075,4203730474,37.99851334729917,residential,unnamed,1,12
4202050076,414356212,6.874502452846932,residential,unnamed,1,12
4202050076,414356261,52.35134755113383,residential,unnamed,1,12
4202050076,4203730474,38.865232236299896,residential,unnamed,1,14
4202050078,414356261,8.284166330013402,residential,unnamed,1,12
4202050078,4139896086,51.732956167139776,residential,unnamed,1,12
4202050078,4203730475,37.99714721718901,residential,unnamed,1,14
3504656971,1988848864,8.88351991642493,steps,unnamed,1,10
3504656971,4146148485,285.99956323384066,tertiary,unnamed,2,8
12099973711,254569322,12.327684114416638,residential,Road Number 16,1,10
12099973711,12993968599,58.55646457797752,residential,Road Number 16,1,8
12099973714,537504274,34.47457023092271,residential,U-1,1,10
12099973714,12099973715,5.579644161626257,residential,unnamed,1,7
12099973715,254569294,7.20377662571151,residential,unnamed,1,10
11133588060,4135550237,33.67086425135844,service,unnamed,1,8
13271937722,13271937723,78.77209781660929,service,unnamed,1,8
13271937723,13271937722,78.77209781660929,service,unnamed,1,8
13271937723,4135484349,71.72118434703434,tertiary,Moulsari Road,2,12
13271937723,4135484360,17.043466020441564,tertiary,Moulsari Road,2,12
13271937724,7479404889,35.75854590832996,residential,unnamed,1,8
5830038203,8824533018,184.63258887153685,secondary,unnamed,3,6
5830038204,2852623922,1801.4696516138304,motorway,Delhi-Gurugram Expressway,5,4
5830038204,5830038203,51.311563574889476,motorway_link,unnamed,1,6
11502351043,11502351047,14.295752106576314,service,unnamed,1,12
11502351043,11502109742,6.571302837642699,service,unnamed,1,12
11502351043,11502351045,11.034026613894758,service,unnamed,1,12
11502351044,11502351045,21.94127311616214,service,unnamed,1,8
268432069,6467828988,1514.6729994366665,motorway,Delhi-Gurugram Expressway,5,4
11502351045,11502351044,21.94127311616214,service,unnamed,1,8
11502351045,11502351046,8.48770192007376,service,unnamed,1,8
11502351045,11502351043,11.034026613894758,service,unnamed,1,12
11502351047,10989109418,24.928972854421495,service,unnamed,1,12
11502351047,11502351043,14.295752106576314,service,unnamed,1,12
11502351047,11502351048,12.500499903207555,service,unnamed,1,8
11502351048,11502351047,12.500499903207555,service,unnamed,1,8
11502351046,11502351045,8.48770192007376,service,unnamed,1,8
414356186,414356212,51.81474613298075,residential,unnamed,1,14
414356186,4203730472,36.02143634999683,residential,unnamed,1,14
414356186,414354174,37.92708226208907,residential,unnamed,1,14
414356186,4202142647,63.713583200304726,residential,unnamed,1,14
414356212,414356222,87.16458084712184,residential,unnamed,1,14
414356212,414356186,51.81474613298075,residential,unnamed,1,14
414356212,4202050076,6.874502452846932,residential,unnamed,1,12
4135483759,537504273,34.151107686104154,residential,Gali Number 69,1,12
4135483759,254569287,29.007526012158625,residential,Gali Number 69,1,11
4135483759,4139895940,156.43039567790325,residential,Gali Number 62,1,12
2869097210,254569294,8459.038735472603,unknown,unnamed,1,9
7085339387,7085339388,158.78684179786933,service,unnamed,1,12
7085339387,9911436690,75.95872608762647,service,unnamed,1,12
7085339387,7085339390,30.25461617185052,service,unnamed,1,12
13327512316,9945116352,35.476328896592584,service,unnamed,1,8
7085339391,6191751550,47.42761262690697,tertiary,unnamed,2,7
7085339391,7085339389,16.49694382791675,service,unnamed,1,10
7085339389,7085339388,33.56622905040591,service,unnamed,1,12
7085339389,7085339390,159.69052955313737,service,unnamed,1,12
7085339389,7085339391,16.49694382791675,service,unnamed,1,10
7085339388,7085339387,158.78684179786933,service,unnamed,1,12
7085339388,7085339389,33.56622905040591,service,unnamed,1,12
7085339388,9911436692,74.85007946060733,service,unnamed,1,12
7085339390,7085339389,159.69052955313737,service,unnamed,1,12
7085339390,7085339387,30.25461617185052,service,unnamed,1,12
7085339390,9911436689,88.66695209282736,service,unnamed,1,8
414356222,4139896083,52.810306828357994,residential,unnamed,1,14
414356222,414356212,87.16458084712184,residential,unnamed,1,14
414356222,4146080482,36.3495117952416,residential,unnamed,1,14
414356222,414354174,72.1971398438735,residential,unnamed,1,14
4202124037,4202124051,82.12417399271146,service,unnamed,1,8
7479399178,254569376,35.887543860339456,residential,Gali Number 19,1,12
7479399178,254569379,34.40129644044662,residential,Gali Number 19,1,12
7479399178,254569375,113.2824132893235,residential,U-11,1,12
4135483763,10996535324,283.31578295195567,residential,unnamed,1,8
4202124047,4196520859,50.33305678465324,service,unnamed,1,6
4202124051,535297623,89.19373028821623,service,unnamed,1,11
4202124051,414357410,49.79461861704888,service,unnamed,1,11
4202124051,4202124037,82.12417399271146,service,unnamed,1,8
4202124052,4202124056,56.81460744046498,service,unnamed,1,8
4202124055,4202124060,56.013483719811596,service,unnamed,1,6
4202124056,266586139,18.840098676108884,service,unnamed,1,10
4202124056,4202124052,56.81460744046498,service,unnamed,1,8
4202124056,11002878087,32.49970136631917,service,unnamed,1,8
10118591257,7479404873,32.51915763062521,residential,unnamed,1,8
4202124060,4202124064,43.61493327130587,service,unnamed,1,8
4202124060,4202124055,56.013483719811596,service,unnamed,1,6
10989032223,4196511220,63.462616592832156,service,unnamed,1,14
10989032223,10989034113,24.874434291709722,service,unnamed,1,12
10989032223,10989032224,55.791222674280405,service,unnamed,1,8
10989032224,10989032223,55.791222674280405,service,unnamed,1,8
4202124063,4135550247,44.8868957123069,tertiary,Jwala Mill Marg,2,12
4202124063,4135550265,31.615308954635683,tertiary,Jwala Mill Marg,2,12
4202124063,4202124064,92.34757853788024,service,unnamed,1,10
4202124064,9914134127,18.651488930517225,service,unnamed,1,8
4202124064,4202124063,92.34757853788024,service,unnamed,1,10
414356261,414356390,115.50739617273331,residential,unnamed,1,12
414356261,4202050076,52.35134755113383,residential,unnamed,1,12
414356261,4202050078,8.284166330013402,residential,unnamed,1,12
4135483767,10994013953,160.565675520838,residential,unnamed,1,12
4135483767,7466305977,89.29565262495399,residential,unnamed,1,12
4135483767,4135483773,69.60050988442997,residential,unnamed,1,12
4135483773,4135483780,77.89832298973737,residential,unnamed,1,12
4135483773,4135483778,35.06572935370787,residential,unnamed,1,12
4135483773,4135483767,69.60050988442997,residential,unnamed,1,12
10989089604,4135484308,15.125969604689653,service,unnamed,1,12
10989089604,4135484318,97.70762075709817,service,unnamed,1,12
10989089604,10989104206,50.2766918663266,service,unnamed,1,8
4135483778,4135483773,35.06572935370787,residential,unnamed,1,12
4135483778,8763576565,32.077327796915625,residential,unnamed,1,12
4135483778,4135483780,111.7882365754281,residential,unnamed,1,12
6435697499,6865208221,1098.5857228943316,residential,Gulmohar Marg,1,8
4135483780,537456939,33.03018076683179,residential,unnamed,1,14
4135483780,4135483773,77.89832298973737,residential,unnamed,1,12
4135483780,4135483778,111.7882365754281,residential,unnamed,1,12
13246051191,7085339391,229.81474432638592,tertiary,unnamed,2,8
13246051191,10588645812,48.244768661715796,footway,unnamed,1,10
13246051194,10588637204,19.802650907705075,"['steps', 'footway']",unnamed,1,12
13246051194,10588637204,19.605243093914453,"['steps', 'footway']",unnamed,1,12
13246051194,4252843374,257.29768397217344,"['steps', 'footway']",unnamed,1,12
13246051195,13246051196,4.165427746610181,footway,unnamed,1,12
13246051195,10588637199,23.791716692034875,"['steps', 'footway']",unnamed,1,12
13246051195,10688491516,23.85749784110698,"['steps', 'footway']",unnamed,1,12
13246051196,13246051195,4.165427746610181,footway,unnamed,1,12
13246051196,6618494678,10.432626639068706,service,unnamed,1,10
13246051196,6618494666,23.830210950643664,service,unnamed,1,12
4196520833,4196511220,70.33255397002496,service,unnamed,1,14
4196520833,4135484318,49.948959761869595,service,unnamed,1,12
4196520833,9913826106,38.83236922511243,service,unnamed,1,8
4196520836,4196520847,45.69015441484364,service,unnamed,1,6
4196520841,4196520850,32.6124524411325,service,unnamed,1,6
4196520847,4196520850,21.952613832998587,service,unnamed,1,8
4196520847,4196520836,45.69015441484364,service,unnamed,1,6
4196520849,4196520852,24.923237515953616,service,unnamed,1,12
4196520849,414357411,23.502812190902254,service,unnamed,1,12
4196520849,11308884321,51.643008243696144,service,unnamed,1,8
4196520850,414357410,35.34608073643004,service,unnamed,1,9
4196520850,4196520841,32.6124524411325,service,unnamed,1,6
4196520852,4196520849,24.923237515953616,service,unnamed,1,12
4196520852,414357410,13.981512065172446,service,unnamed,1,11
4196520852,10976489471,49.221610546329806,service,unnamed,1,8
4196520859,4196520860,26.778024900685626,service,unnamed,1,8
4196520859,4202124047,50.33305678465324,service,unnamed,1,6
4196520860,4202124056,41.11955862139846,service,unnamed,1,10
4196520860,10976489470,50.89948670779854,service,unnamed,1,6
414356390,414356261,115.50739617273331,residential,unnamed,1,12
414356390,414355527,62.15998428207698,residential,unnamed,1,12
414356390,414356444,21.868735211311726,residential,unnamed,1,12
414356444,414356390,21.868735211311726,residential,unnamed,1,12
414356444,4146080482,14.325779960215822,residential,unnamed,1,12
414356444,4138651468,22.716908836226324,residential,unnamed,1,12
6322697196,10680334620,62.43061713964051,secondary,unnamed,3,7
6322697197,6322697196,72.11456809798648,secondary,unnamed,3,6
6322697197,1987707061,54.11111436245851,secondary,Shankar Chowk Road,3,6
6542335531,6542335529,71.03918300403244,service,unnamed,1,10
6542335531,6542335528,8.985621006222265,service,unnamed,1,14
6542335531,6542350888,14.742587100474061,service,unnamed,1,16
6542335531,6542335530,109.07414515075854,service,unnamed,1,16
6192903180,4196533036,160.39402250667118,service,unnamed,1,14
6192903180,4875345491,56.011513695715145,service,unnamed,1,16
6192903180,6192903181,12.946796761395376,service,unnamed,1,12
6192903180,10988983677,50.75118588826939,service,unnamed,1,10
6192903181,4196533021,60.13018098123254,residential,unnamed,1,8
6192903181,6192903180,12.946796761395376,service,unnamed,1,12
6192903182,4875345491,55.408257634509305,service,unnamed,1,10
1359090720,1358732497,19.671905938008234,service,unnamed,1,8
1359090720,1648207617,238.34313721742208,service,DLF Tower 10th Road,1,7
11002827843,414355291,31.929703943882743,residential,unnamed,1,12
11002827843,414355527,30.341734492223676,residential,unnamed,1,12
11002827843,11002827844,113.07777138734643,residential,unnamed,1,8
11002827844,11002827843,113.07777138734643,residential,unnamed,1,8
4146148455,4146148457,32.9921556582689,residential,unnamed,1,12
4146148455,7484460907,61.21011384977468,residential,U-73,1,12
4146148455,4140072184,55.251493802055364,residential,U-73,1,10
4146148457,4146148455,32.9921556582689,residential,unnamed,1,12
4146148457,484649630,61.04659630476235,residential,U-75,1,14
4146148457,484649628,55.686926282708264,residential,U-75,1,12
4146148458,6406125804,33.436930219681024,residential,unnamed,1,12
4146148458,4146148459,31.02915571704165,residential,unnamed,1,12
4146148458,6406125806,78.71660825640411,residential,unnamed,1,8
4146148459,4146148458,31.02915571704165,residential,unnamed,1,12
4146148459,4146148462,39.41223244952548,residential,unnamed,1,12
4146148459,4146148464,91.45199549532904,residential,unnamed,1,8
4146148462,4146148459,39.41223244952548,residential,unnamed,1,12
4146148462,1374550418,47.57672832793723,residential,unnamed,1,12
4146148462,4146148467,105.53684452411517,residential,unnamed,1,8
4146148464,4146148459,91.45199549532904,residential,unnamed,1,8
4146148466,11021346059,51.463192263199105,residential,unnamed,1,12
4146148466,6193115304,20.895237474888507,residential,unnamed,1,12
4146148466,4146148469,64.39573304585856,residential,unnamed,1,12
4146148467,4146148462,105.53684452411517,residential,unnamed,1,8
4146148468,2785091023,70.66766882029751,residential,N-6,1,8
4146148468,1374550418,63.64817221648477,residential,N-6,1,12
4146148468,4146148469,54.37331689721607,residential,unnamed,1,12
4146148469,4146148468,54.37331689721607,residential,unnamed,1,12
4146148469,4146148466,64.39573304585856,residential,unnamed,1,12
4146148469,5487712961,110.26061788061729,residential,unnamed,1,8
4146148475,10148717674,25.94901909899875,residential,unnamed,1,8
4146148475,1374550421,162.12894509209298,residential,unnamed,1,12
4146148475,4146148482,101.90731398482049,residential,unnamed,1,12
4146148482,4146148483,21.880670928544248,residential,unnamed,1,8
4146148482,1374550427,216.15061164710247,residential,unnamed,1,12
4146148482,4146148475,101.90731398482049,residential,unnamed,1,12
4146148483,4146148482,21.880670928544248,residential,unnamed,1,8
4146148485,1358732526,86.28555723652983,tertiary,unnamed,2,8
4146148485,10901226762,10.585283008373683,service,unnamed,1,12
13049915260,7479404909,26.722685013016992,residential,unnamed,1,8
13049915260,1564884112,23.207171740066293,residential,unnamed,1,12
13049915260,13049915263,9.415859844671317,path,unnamed,1,12
13049915261,7479404913,30.862803275940625,residential,unnamed,1,8
13049915261,13049915262,39.12045656712209,residential,unnamed,1,12
13049915261,13049915266,29.361244577378056,path,unnamed,1,12
5228410036,9537051799,851.9933719622121,secondary,Underpass,3,6
5228410036,9914282443,274.40783957302926,tertiary,unnamed,2,7
5228410047,249120661,368.0223225561842,secondary,Sector Road to Sector 56,3,6
5228410047,5228410048,53.906848310256464,secondary_link,unnamed,1,6
5228410048,6645548375,18.50191406222987,tertiary,unnamed,2,7
6092477637,9911627590,54.691037677520285,tertiary,unnamed,2,7
6092477637,1648207722,127.28725963042551,tertiary,unnamed,2,6
11502376161,11502427880,261.65954488443646,service,unnamed,1,7
11502376161,6322678031,26.89310821379342,service,unnamed,1,6
13036758667,1564884124,26.25620362596782,path,unnamed,1,12
13036758667,13036758668,8.830358004958905,path,unnamed,1,12
13036758667,13036758676,5.8382324434902655,path,unnamed,1,12
414348514,266586110,1133.5371415218228,tertiary,Jwala Mill Marg,2,8
13036758668,13036758676,7.661114332920709,path,unnamed,1,12
13036758668,13036758667,8.830358004958905,path,unnamed,1,12
13036758668,13036758669,19.582565234404015,path,unnamed,1,12
11455750857,11455750858,33.33894512609258,unknown,DLF Downtown Gurugram,1,16
11455750857,11455750858,38.23262903000575,unknown,unnamed,1,16
11455750857,2724843381,620.2394848883386,unknown,unnamed,1,16
11455750857,2723994000,878.1594998594239,unknown,DLF Downtown Gurugram,1,16
11455750858,2723994000,95.16507718508466,unknown,DLF Downtown Gurugram,1,16
11455750858,2723994000,97.55646296620807,unknown,unnamed,1,16
11455750858,11455750857,33.33894512609258,unknown,DLF Downtown Gurugram,1,16
11455750858,11455750857,38.23262903000575,unknown,unnamed,1,16
13042775314,12874592610,28.410637840386364,residential,unnamed,1,12
13042775314,13042775317,38.55379356934351,service,unnamed,1,12
13042775314,13240462311,36.63143341108733,residential,unnamed,1,12
13042775315,13042775317,37.39641448919901,service,unnamed,1,8
13042775316,13042775317,22.87388098442091,service,unnamed,1,8
13042775317,13042775315,37.39641448919901,service,unnamed,1,8
13042775317,13042775314,38.55379356934351,service,unnamed,1,12
13042775317,13042775316,22.87388098442091,service,unnamed,1,8
7484462384,4140072182,158.29734930315257,residential,unnamed,1,8
7484462407,537504273,34.66324305441311,residential,Gali Number 69,1,8
2724959565,6621969569,22.086842382362384,unknown,unnamed,1,13
2724959565,2852623927,1051.756602344251,unknown,unnamed,1,8
2724959565,2721312541,846.5347806220785,unknown,unnamed,1,14
7484462419,10994052699,37.62678588460733,residential,U-78,1,8
2339181923,7479404901,46.596013331578966,service,unnamed,1,7
2339181923,9945116352,10.322099049454964,service,unnamed,1,9
414356845,9947422765,54.93172489193011,residential,unnamed,1,12
414356845,10732197244,155.71945894495244,residential,unnamed,1,12
414356845,414355084,72.08085736331815,residential,unnamed,1,8
4203730289,266586025,20.56296537543175,residential,unnamed,1,12
4203730289,414357332,40.28035261696583,residential,unnamed,1,14
4203730289,10882728747,27.002275892791356,service,unnamed,1,8
2339181946,4252843427,11.823184116434648,footway,unnamed,1,10
2339181946,2334514826,203.47824484074513,service,unnamed,1,8
10732197244,414355182,33.94835071611676,residential,unnamed,1,10
10732197244,10732197245,53.12157458070236,residential,unnamed,1,8
10732197244,414356845,155.71945894495244,residential,unnamed,1,12
10732197245,10732197244,53.12157458070236,residential,unnamed,1,8
10988983677,6192903180,50.75118588826939,service,unnamed,1,10
10994054528,537459054,48.32038737568615,residential,unnamed,1,12
10994054528,537504276,73.18362494769526,residential,unnamed,1,12
10994054528,10994054529,12.566749440571453,residential,unnamed,1,8
10994054529,10994054528,12.566749440571453,residential,unnamed,1,8
6322678288,6539370053,51.06778625903437,tertiary,unnamed,2,7
13295285670,13295285672,34.784101199528166,footway,unnamed,1,12
13295285670,1648207726,35.2875206133117,footway,unnamed,1,12
13295285670,6502334497,57.205304162758985,footway,unnamed,1,14
13295285671,1648207726,29.54309926214274,footway,unnamed,1,12
13295285671,13295285672,32.65777548877897,footway,unnamed,1,12
13295285671,1408792720,44.18913908174597,footway,unnamed,1,12
13295285672,13295285671,32.65777548877897,footway,unnamed,1,12
13295285672,13295285670,34.784101199528166,footway,unnamed,1,12
13295285672,13295285673,192.2294559445609,footway,unnamed,1,12
13295285673,1408792540,39.91593297801971,footway,unnamed,1,16
13295285673,1408792482,376.3068679750952,footway,unnamed,1,12
13295285673,13295285672,192.22945594456093,footway,unnamed,1,12
2339182003,3735854653,43.05241474623732,service,unnamed,1,7
1384175073,11502427880,6.4869249790229455,service,unnamed,1,8
1384175073,11502376161,178.07819482572526,service,unnamed,1,7
1564014080,4196520859,18.903412438935593,service,unnamed,1,9
1564014080,414357412,17.30487355985254,service,unnamed,1,11
1564014080,4135484338,131.03440054996142,service,unnamed,1,7
1564014083,4135550265,23.988213958618783,tertiary,Jwala Mill Marg,2,11
1564014083,414351844,140.89101479231647,tertiary,Jwala Mill Marg,2,11
444208673,444208680,91.40924816735502,secondary,unnamed,3,6
444208673,444208677,78.0468378976713,secondary_link,unnamed,1,6
444208677,5228410047,192.82674918261344,"['secondary', 'secondary_link']",Sector Road to Sector 56,1,6
444208680,6092400259,94.16560851993877,secondary,unnamed,3,6
444208682,444208677,70.73101199578073,secondary_link,unnamed,1,6
444208682,444208680,73.55446724984671,construction,unnamed,1,6
4203730476,4139896086,36.09525955040418,residential,unnamed,1,12
4203730476,266586019,38.4370204658151,residential,unnamed,1,10
4203730476,4203730475,50.66064665077488,residential,unnamed,1,14
4203730475,4203730474,60.00164460426374,residential,unnamed,1,16
4203730475,4203730476,50.66064665077488,residential,unnamed,1,14
4203730475,4202050078,37.99714721718901,residential,unnamed,1,14
4203730475,4135552629,37.999840873802555,residential,unnamed,1,14
4203730474,4203730475,60.00164460426374,residential,unnamed,1,16
4203730474,4202050075,37.99851334729917,residential,unnamed,1,12
4203730474,4202050076,38.865232236299896,residential,unnamed,1,14
4203730474,4203730472,56.33206538494948,residential,unnamed,1,14
4203730472,1572294633,39.31879516490993,residential,unnamed,1,10
4203730472,414356186,36.02143634999683,residential,unnamed,1,14
4203730472,4203730474,56.33206538494948,residential,unnamed,1,14
2852623921,268432069,1691.7312894334118,motorway,Delhi-Gurugram Expressway,5,4
2852623927,2724959565,1051.756602344251,unknown,unnamed,1,8
1987622489,6723402668,24.009581306468075,service,unnamed,1,12
1987622489,11502109251,59.58202349729509,service,unnamed,1,11
1987622489,1648207402,43.97299555776029,footway,unnamed,1,12
11502351996,3742510226,11.93594142921468,service,unnamed,1,12
11502351996,11502351997,44.48634300823898,service,unnamed,1,8
11502351996,3742510225,21.69237932975168,service,unnamed,1,10
11502351997,11502351996,44.48634300823898,service,unnamed,1,8
11502352003,3742510234,50.809276133136244,service,unnamed,1,8
1987622560,1987622565,55.677977663877385,tertiary_link,unnamed,1,6
1987622560,8113691717,80.82501937996899,tertiary,unnamed,2,6
1987622565,9537051800,472.3442660060886,"['secondary', 'secondary_link']",unnamed,1,6
11502253743,11502253744,44.063622002885246,service,unnamed,1,6
11502253744,11502253747,3.840847994626558,residential,unnamed,1,8
11502253744,11502253743,44.063622002885246,service,unnamed,1,6
11502253746,11502253747,12.123664746942467,service,unnamed,1,6
11502253747,1648520582,3.324428377988908,residential,unnamed,1,8
11502253747,11502253746,12.123664746942467,service,unnamed,1,6
10079172277,4203723659,22.777786441337373,residential,unnamed,1,10
6618494658,6618494676,10.383860344216668,service,unnamed,1,12
6618494658,6618494664,32.44625276212123,service,unnamed,1,12
6618494658,5228569761,85.08524907535676,service,unnamed,1,10
6618494661,6618494668,27.291323963433225,service,unnamed,1,8
9914122788,4202142633,71.02191161303878,tertiary,Udyog Vihar Phase V Road,2,8
9914122788,12100496077,420.9988402381971,service,unnamed,1,8
6618494662,6618494665,14.645088738314849,service,unnamed,1,12
6618494662,6618494663,15.57702548879282,service,unnamed,1,12
6618494662,6618494677,23.880191780649355,service,unnamed,1,12
6618494663,6618494664,24.09505639721714,service,unnamed,1,12
6618494663,6618494676,14.624546329743643,service,unnamed,1,12
6618494663,6618494662,15.57702548879282,service,unnamed,1,12
6618494664,6618494663,24.09505639721714,service,unnamed,1,12
6618494664,6618494665,14.962696842846286,service,unnamed,1,12
6618494664,6618494658,32.44625276212123,service,unnamed,1,12
6618494665,6618494662,14.645088738314849,service,unnamed,1,12
6618494665,6618494664,14.962696842846286,service,unnamed,1,12
6618494665,6618494677,22.127583755984617,service,unnamed,1,12
6618494666,6618494670,31.999180638131865,service,unnamed,1,12
6618494666,6618494668,86.58406974088017,service,unnamed,1,12
6618494666,13246051196,23.830210950643664,service,unnamed,1,12
6618494668,6618494661,27.291323963433225,service,unnamed,1,8
6618494668,6618494669,16.277144605766164,service,unnamed,1,12
6618494668,6618494666,86.58406974088015,service,unnamed,1,12
6618494669,6618494668,16.277144605766164,service,unnamed,1,12
6618494669,6618494672,11.978550302823587,service,unnamed,1,12
6618494669,6618494670,39.740354026734146,service,unnamed,1,12
6618494670,6618494671,44.741178392225414,footway,unnamed,1,12
6618494670,6618494669,39.740354026734146,service,unnamed,1,12
6618494670,6618494666,31.999180638131865,service,unnamed,1,12
6618494671,3735847154,31.751928776279073,service,unnamed,1,9
6618494671,6618494670,44.741178392225414,footway,unnamed,1,12
6618494671,10691006887,10.092072376471801,footway,unnamed,1,10
6618494672,6618494673,37.376382896674876,service,unnamed,1,12
6618494672,6618494677,7.442732887065114,service,unnamed,1,12
6618494672,6618494669,11.978550302823587,service,unnamed,1,12
6618494673,6618494671,58.40504693232953,service,unnamed,1,12
6618494673,6618494672,37.376382896674876,service,unnamed,1,12
6618494673,10691006888,10.897737286190267,service,unnamed,1,10
6618494674,6618494673,68.14537147410364,service,unnamed,1,10
6618494674,6618494676,26.918207428121296,"['service', 'footway']",unnamed,1,10
6618494676,6618494658,10.383860344216668,service,unnamed,1,12
6618494676,6618494663,14.624546329743643,service,unnamed,1,12
6618494676,6618494674,26.918207428121296,"['service', 'footway']",unnamed,1,10
6618494677,6618494665,22.127583755984617,service,unnamed,1,12
6618494677,6618494662,23.880191780649355,service,unnamed,1,12
6618494677,6618494672,7.442732887065114,service,unnamed,1,12
6618494678,13246051196,10.432626639068706,service,unnamed,1,10
6618494678,5228569733,120.34492005928388,residential,unnamed,1,7
6542335561,6542335559,12.890150347902491,service,unnamed,1,12
6542335561,6542335519,9.799930407203032,service,unnamed,1,12
6542335561,6542335575,2.957000823034392,service,unnamed,1,12
3225859831,1648207361,20.963506532066386,footway,unnamed,1,12
3225859831,6723402651,33.55565858545877,service,unnamed,1,11
3225859831,1376471728,72.84659121900793,residential,unnamed,1,22
3225859836,1358732524,6.728755359842007,service,unnamed,1,14
3225859836,3046318706,34.04704419939284,footway,unnamed,1,18
3225859836,1408792516,24.393552916127394,footway,unnamed,1,18
3225859836,6618760977,72.21842997372327,service,unnamed,1,22
9862084350,254569420,249.8174800120522,residential,Gali Number 15,1,7
10994013953,7466305977,18.593233460863175,residential,unnamed,1,12
10994013953,4135483767,160.56567552083797,residential,unnamed,1,12
10994013953,10994013952,72.21714009088261,residential,unnamed,1,8
10994013952,10994013953,72.21714009088261,residential,unnamed,1,8
6542335562,6542335560,12.072942016553112,service,unnamed,1,12
6542335562,6542335495,19.120252035581604,service,unnamed,1,12
6542335562,6542335557,70.2345682197999,service,unnamed,1,12
1648520582,11021357119,17.474878335508368,residential,unnamed,1,8
1648520582,1648520570,43.75044013345007,footway,unnamed,1,10
11843196697,13740066394,16.287499839222793,secondary,unnamed,3,6
11843196697,14086882873,22.087446133315368,tertiary,Moulsari Road,2,7
10688550683,6542335543,40.260331115436564,service,unnamed,1,10
10688550684,6542335543,6.485072439208327,service,unnamed,1,10
11843196698,2723958521,2.825992905279963,unknown,unnamed,1,18
11843196698,2723958521,2.825992905279963,unknown,unnamed,1,18
11843196698,2723958520,605.6399623371971,unknown,unnamed,1,10
11843196698,2723994000,436.9143956829483,unknown,unnamed,1,16
414357293,4202142647,108.60114368941943,residential,unnamed,1,14
414357293,4135484366,46.32144233118425,residential,unnamed,1,14
414357293,414357332,71.11814095850588,residential,unnamed,1,16
414357293,4202142626,42.67216210080047,residential,unnamed,1,14
10994046781,10994046782,26.60856486778654,residential,unnamed,1,8
10994046781,1648207146,247.67575277440454,residential,unnamed,1,8
10994046781,1648207238,59.206865833380405,residential,unnamed,1,12
10994046782,10994046781,26.60856486778654,residential,unnamed,1,8
414357310,4135552624,37.68253979966127,residential,unnamed,1,12
414357310,266586108,80.10751472733484,residential,unnamed,1,12
414357310,4135552606,71.52288848623587,residential,unnamed,1,12
414357313,266586108,83.38083112492227,residential,unnamed,1,12
414357313,4146080469,9.183512854550942,residential,unnamed,1,12
414357313,266586110,220.9967958877103,residential,unnamed,1,12
414357312,4135484381,40.443709886061896,residential,unnamed,1,8
414357312,266586108,48.329834865338775,residential,unnamed,1,12
414357312,4146080469,77.90406051580915,residential,unnamed,1,12
535297604,13049530736,27.82995997465236,service,unnamed,1,10
535297604,12114627093,90.32602749468498,residential,unnamed,1,8
535297605,9913826109,32.37456046703991,service,unnamed,1,8
535297605,4135484307,82.4490402624218,residential,unnamed,1,9
414357324,4203723659,24.561329527517138,residential,unnamed,1,14
414357324,4203723651,36.11838226952202,residential,unnamed,1,12
414357324,7479404805,26.277640909095474,residential,unnamed,1,8
414357332,4203730289,40.28035261696583,residential,unnamed,1,14
414357332,4135484362,49.40585928298576,residential,unnamed,1,14
414357332,6556589438,63.41531371029447,residential,unnamed,1,14
414357332,414357293,71.11814095850588,residential,unnamed,1,16
414357333,6556589438,60.04213651875414,residential,unnamed,1,10
414357333,266586026,73.1986612808779,tertiary,Jwala Mill Marg,2,9
1673046536,1673046535,129.33757497225906,residential,unnamed,1,8
535297615,535297605,69.72057448143164,residential,unnamed,1,8
535297615,266585960,49.32909772837521,tertiary,Jwala Mill Marg,2,7
7257851867,7257851863,72.34648638884646,service,unnamed,1,8
1673046539,266586024,32.62923246742379,residential,unnamed,1,12
1673046539,4202142619,26.37882757255379,residential,unnamed,1,12
1673046539,1673046530,17.645766924121425,residential,unnamed,1,8
1408792482,13295285673,376.3068679750952,footway,unnamed,1,12
1408792482,1408792649,308.7815028529578,footway,unnamed,1,10
1408792482,3046318706,27.291412333286132,footway,unnamed,1,16
414357411,4196520849,23.502812190902254,service,unnamed,1,12
414357411,4196511220,91.26473268945068,service,unnamed,1,14
414357411,414357412,95.51710513610466,service,unnamed,1,12
414357412,1564014080,17.30487355985254,service,unnamed,1,11
414357412,414357411,95.51710513610466,service,unnamed,1,12
414357412,4135484334,161.14792859120377,service,unnamed,1,8
414357416,10989140263,72.83609796604357,service,unnamed,1,12
414357416,4135484306,16.512574037474064,service,unnamed,1,12
414357416,414357457,110.14809949995585,service,unnamed,1,14
414357410,4202124051,49.79461861704888,service,unnamed,1,11
414357410,4196520852,13.981512065172446,service,unnamed,1,11
414357427,414357459,23.33912433607472,service,unnamed,1,8
11502196674,11502196682,186.5273577582948,service,unnamed,1,11
11502196674,11502196679,35.892918947619336,service,unnamed,1,7
11502196675,10901226761,27.173086127947183,tertiary,Jacaranda Marg,2,13
11502196675,9913624543,45.16627712875732,tertiary,Jacaranda Marg,2,11
11502196675,11502196674,10.908405643079098,service,unnamed,1,10
1408792516,3225859836,24.393552916127394,footway,unnamed,1,18
1408792516,1408792553,63.87400276164595,footway,unnamed,1,20
1408792516,1408792553,63.87400276164595,unknown,unnamed,1,20
1408792516,3046318706,58.3501744785592,unknown,unnamed,1,20
1408792516,1408792605,80.90596313987807,footway,unnamed,1,16
11502196682,11502196683,19.192988038272954,service,unnamed,1,12
11502196682,11502196674,186.52735775829484,service,unnamed,1,11
11502196682,11502118761,62.5106203081044,service,unnamed,1,12
11502196683,11502109236,0.6119025038474671,service,unnamed,1,12
11502196683,11502109238,3.66334019327904,service,unnamed,1,12
11502196683,11502196682,19.192988038272954,service,unnamed,1,12
11502196679,11502196674,35.892918947619336,service,unnamed,1,7
414357452,11502113078,18.382920730777656,service,unnamed,1,11
414357452,535297601,111.4429562206814,service,unnamed,1,12
414357452,11502116247,51.6439922516865,service,unnamed,1,12
414357453,11502314018,11.381892640973597,service,unnamed,1,12
414357453,4203710493,15.707428069704227,service,unnamed,1,12
414357453,11502314008,37.34217752921305,service,unnamed,1,12
414357457,414357416,110.14809949995585,service,unnamed,1,14
414357457,10989109416,37.60493510851009,service,unnamed,1,14
414357457,10989109416,63.595548977699394,service,unnamed,1,14
414357457,4202114000,45.071093967028936,service,unnamed,1,14
414357459,414357427,23.33912433607472,service,unnamed,1,8
414357459,10989140263,124.05529107209222,service,unnamed,1,12
414357459,1564065975,229.77332112075652,service,unnamed,1,12
414357454,11502314013,5.590500423436184,service,unnamed,1,12
414357454,11502109742,13.64219924814859,service,unnamed,1,12
414357454,11502296513,33.500664595637694,service,unnamed,1,12
414357462,10989111379,11.766976417621995,service,unnamed,1,12
414357462,4135484302,71.06816983354237,service,unnamed,1,12
414357462,4135484308,37.26846099048497,service,unnamed,1,12
14188607450,4135484344,311.3784455383769,tertiary,Moulsari Road,2,8
1408792540,13295285673,39.91593297801971,footway,unnamed,1,16
1408792540,6618760977,8.828758026866687,footway,unnamed,1,24
1408792540,6618760977,8.828758026866687,unknown,unnamed,1,24
1408792540,3046318706,79.90138214028535,unknown,unnamed,1,20
1408792540,3046318706,79.90622510866027,footway,unnamed,1,20
1408792553,1408792516,63.87400276164595,footway,unnamed,1,20
1408792553,1408792516,63.87400276164595,unknown,unnamed,1,20
1408792553,6618760977,15.691207156368645,footway,unnamed,1,24
1408792553,6618760977,15.691207156368645,unknown,unnamed,1,24
1408792553,1408792633,70.65925589328603,footway,unnamed,1,16
9914374136,254569407,11.91329653043712,residential,Gali Number 15,1,10
9914374136,5487635745,47.391150339382285,residential,Gali Number 15,1,8
11939321869,11939315168,18.906445969987082,secondary_link,unnamed,1,8
11939321869,11939321871,38.008654507578235,secondary,Sector Road to Sector 56,3,7
11939321871,444208673,119.00566020387885,secondary,unnamed,3,6
6542335546,6542335505,24.024605595470838,service,unnamed,1,12
6542335546,6542335507,10.898431437085385,service,unnamed,1,12
6542335546,6542335543,78.95915098185343,service,unnamed,1,14
6542335547,6542335548,38.76066139447811,service,unnamed,1,12
6542335547,6542335493,17.1005030067952,service,unnamed,1,12
6542335547,6542350890,49.21376470907132,service,unnamed,1,14
1408792605,1408792707,75.42515832883144,footway,unnamed,1,12
1408792605,1408792633,62.13577159858522,footway,unnamed,1,12
1408792605,1408792516,80.90596313987807,footway,unnamed,1,16
6542335548,6542335547,38.76066139447811,service,unnamed,1,12
6542335548,6542335552,70.88309563561198,service,unnamed,1,14
6542335548,6542335550,82.3082710939968,service,unnamed,1,12
11502262312,11502262316,37.532763804223855,service,unnamed,1,8
11502262313,4203710491,4.274138298594822,residential,unnamed,1,8
11502262313,11502262316,11.98441269319554,service,unnamed,1,10
11502262315,11021357120,40.13257461061102,service,unnamed,1,8
11502262315,11502262316,35.230711965985414,service,unnamed,1,12
11502262315,11021357119,11.439126838537868,service,unnamed,1,10
11502262316,11502262312,37.532763804223855,service,unnamed,1,8
11502262316,11502262315,35.230711965985414,service,unnamed,1,12
11502262316,11502262313,11.98441269319554,service,unnamed,1,10
6542335550,6542335507,4.8810722319222295,service,unnamed,1,12
6542335550,6542335548,82.30827109399681,service,unnamed,1,12
6542335550,6542335552,16.718724852080754,service,unnamed,1,14
6542335552,6542335555,15.311941703936256,service,unnamed,1,14
6542335552,6542335513,42.080229317032305,service,unnamed,1,14
6542335552,6542335548,70.88309563561198,service,unnamed,1,14
6542335552,6542335550,16.718724852080754,service,unnamed,1,14
6542335553,6542335554,40.189993260277284,service,unnamed,1,12
6542335553,6542335557,20.41085798071578,service,unnamed,1,12
6542335553,6542335555,52.975178026574966,service,unnamed,1,12
1408792633,1408792553,70.65925589328603,footway,unnamed,1,16
1408792633,1408792605,62.13577159858522,footway,unnamed,1,12
1408792633,1408792720,79.25329169892805,footway,unnamed,1,12
6542335554,6542335553,40.189993260277284,service,unnamed,1,12
6542335554,6542335515,7.1655854682521944,service,unnamed,1,12
6542335554,6542335567,11.090698690245722,service,unnamed,1,12
6542335555,6542335552,15.311941703936256,service,unnamed,1,14
6542335555,6542335515,8.558010134442407,service,unnamed,1,12
6542335555,6542335553,52.97517802657496,service,unnamed,1,12
1408792649,1408792482,308.7815028529578,footway,unnamed,1,10
1408792649,10272736787,114.0165390981735,service,DLF Tower 10th Road,1,8
6542335557,6542335553,20.41085798071578,service,unnamed,1,12
6542335557,6542335558,28.296573293098348,service,unnamed,1,12
6542335557,6542335562,70.2345682197999,service,unnamed,1,12
6542335558,6542335559,14.209647895333642,service,unnamed,1,12
6542335558,6542335557,28.296573293098348,service,unnamed,1,12
6542335558,6542335565,13.809880638001177,service,unnamed,1,12
6542335559,6542335558,14.209647895333642,service,unnamed,1,12
6542335559,6542335560,99.37973735745757,service,unnamed,1,12
6542335559,6542335561,12.890150347902491,service,unnamed,1,12
6542335560,6542335559,99.37973735745757,service,unnamed,1,12
6542335560,6542335562,12.072942016553112,service,unnamed,1,12
6542335560,6542335579,18.631697350057536,service,unnamed,1,12
11502196849,12114610910,48.391048315481676,service,unnamed,1,12
11502196849,11502199517,37.14697979548347,service,unnamed,1,12
11502196849,11502196850,7.799111928250511,service,unnamed,1,12
11502196851,11502196850,86.77912313088596,service,unnamed,1,12
11502196851,11502196850,80.39328784352419,service,unnamed,1,12
11502196851,11502196852,9.90334173570002,service,unnamed,1,10
11502196852,535297603,83.85985443974049,residential,unnamed,1,8
11502196852,11502196851,9.90334173570002,service,unnamed,1,10
11502196850,11502196851,80.39328784352419,service,unnamed,1,12
11502196850,11502196851,86.77912313088596,service,unnamed,1,12
11502196850,11502196849,7.799111928250511,service,unnamed,1,12
6542335565,6542335558,13.809880638001177,service,unnamed,1,12
6542335565,6542335567,5.326408849636924,service,unnamed,1,12
6542335565,6542335575,10.767550235285604,service,unnamed,1,12
6542335567,6542335554,11.090698690245722,service,unnamed,1,12
6542335567,6542335565,5.326408849636924,service,unnamed,1,12
6542335567,6542335496,63.96628975474998,service,unnamed,1,12
1408792707,1408792720,63.603969543780586,footway,unnamed,1,12
1408792707,1648207726,140.7539524395454,footway,unnamed,1,12
1408792707,1408792605,75.42515832883144,footway,unnamed,1,12
11002878087,4202124056,32.49970136631917,service,unnamed,1,8
10989025625,10989034113,18.347282507635718,service,unnamed,1,12
10989025625,4135484306,49.4597904651939,service,unnamed,1,12
10989025625,10989025626,58.161102409906604,service,unnamed,1,8
10989025626,10989025625,58.161102409906604,service,unnamed,1,8
6542335570,6542350892,36.3801617158796,tertiary,unnamed,2,8
6542335570,6542335505,97.33662789368138,service,unnamed,1,10
1408792720,1408792707,63.603969543780586,footway,unnamed,1,12
1408792720,1408792633,79.25329169892804,footway,unnamed,1,12
1408792720,13295285671,44.18913908174597,footway,unnamed,1,12
6479976599,6639608480,58.81061091452889,tertiary,unnamed,2,7
6479976599,6479976601,157.9771063613553,service,unnamed,1,10
6479976601,6479976602,71.72128504392404,service,unnamed,1,10
6479976601,6479976599,157.9771063613553,service,unnamed,1,10
6479976601,3735851081,11.778677965203503,service,unnamed,1,12
6479976602,6479976599,86.28002965447986,tertiary,unnamed,2,8
6479976602,6479976601,71.72128504392404,service,unnamed,1,10
6542335575,6542335565,10.767550235285604,service,unnamed,1,12
6542335575,6542335561,2.957000823034392,service,unnamed,1,12
6542335575,6542335496,50.440366735055086,service,unnamed,1,12
6542335576,6542335533,107.89704176216587,service,unnamed,1,14
6542335576,6542335584,13.786196700317847,service,unnamed,1,14
6542335576,6542335516,4.441469722369714,service,unnamed,1,12
6542335577,6542335578,108.9340464842719,service,unnamed,1,12
6542335577,6542335516,11.789471442216168,service,unnamed,1,12
6542335577,6542335520,5.801454230158256,service,unnamed,1,12
6542335578,6542335577,108.9340464842719,service,unnamed,1,12
6542335578,6542335533,15.991692622712193,service,unnamed,1,14
6542335578,6542335538,2.272221848677371,service,unnamed,1,12
6542335581,6542335583,39.2767998857334,service,unnamed,1,8
6406125802,6406125803,63.50491889040545,residential,unnamed,1,8
6406125802,1374550411,132.50942637621569,residential,unnamed,1,12
6406125802,6406125804,33.76553092787837,residential,unnamed,1,12
9942251755,4252843374,63.36875685102009,footway,DLF Cybercity footpath,1,12
9942251755,4567599947,191.5676623345576,footway,DLF Cybercity footpath,1,12
9942251755,13245943533,44.85023304863351,footway,unnamed,1,12
6406125804,4146148458,33.436930219681024,residential,unnamed,1,12
6406125804,6406125805,68.55486544559734,residential,unnamed,1,8
6406125804,6406125802,33.76553092787837,residential,unnamed,1,12
6406125806,4146148458,78.71660825640411,residential,unnamed,1,8
6406125803,6406125802,63.50491889040545,residential,unnamed,1,8
6406125805,6406125804,68.55486544559734,residential,unnamed,1,8
10996488457,8763576565,28.835343393127346,residential,unnamed,1,8
10680334619,10680334620,31.329298935710888,service,unnamed,1,10
10680334619,10170571720,15.44212097764234,service,unnamed,1,12
10680334619,9913894234,91.40573240936753,service,unnamed,1,12
10680334620,9913894235,15.393849194743275,secondary,unnamed,3,8
10680334620,10680334619,31.329298935710888,service,unnamed,1,10
6095214876,7479404906,14.008830282374596,tertiary,Moulsari Road,2,6
10989140263,414357416,72.83609796604357,service,unnamed,1,12
10989140263,414357459,124.05529107209222,service,unnamed,1,12
10989140263,10989140266,128.71387336085468,service,unnamed,1,12
10989140266,1564065975,21.70842060075554,service,unnamed,1,12
10989140266,4202114000,9.86215220556653,service,unnamed,1,12
10989140266,10989140263,128.71387336085465,service,unnamed,1,12
4505385305,10588637203,163.08622247572941,footway,unnamed,1,12
4505385305,10588645812,20.390638591946363,"['steps', 'footway']",unnamed,1,12
4505385305,10588645812,21.651156034989036,"['steps', 'footway']",unnamed,1,12
6072850778,6820022770,594.4911192353755,secondary,unnamed,3,4
11002861919,11002861916,44.52975849890363,residential,unnamed,1,12
11002861919,414351844,37.26185791147043,residential,unnamed,1,12
11002861919,11002861920,27.828389142075903,service,unnamed,1,8
4135483782,4135484294,136.10793362093943,residential,unnamed,1,8
4135483785,9911496091,77.09052630245631,residential,unnamed,1,8
2723994003,2724843381,3440.601900984446,unknown,unnamed,1,10
5487696282,11381082095,45.66640851146879,unknown,unnamed,1,12
5487696282,6621969569,46.302904388583585,unknown,unnamed,1,13
5487696282,5239413211,8.283403393569985,secondary_link,unnamed,1,9
10277804492,4146080476,30.70703889677387,residential,unnamed,1,8
10277804493,10978066307,13.48878862781079,residential,unnamed,1,8
10277804493,4203723659,35.772975680404336,residential,unnamed,1,14
10277804493,4203723651,25.459680297141894,residential,unnamed,1,12
10277804494,4203723647,30.595766732443703,residential,unnamed,1,8
12993968599,4140072295,6.440226418524776,residential,unnamed,1,10
12993968599,12122065666,31.6195969759097,residential,Road Number 16,1,8
5239413211,6621969569,46.126123112421986,secondary,unnamed,3,10
6621969569,5487696282,46.302904388583585,unknown,unnamed,1,13
6621969569,2724959565,22.086842382362384,unknown,unnamed,1,13
6621969569,6621969570,50.46082952948953,secondary_link,unnamed,1,12
6621969569,5228410036,21.21212579780609,secondary,unnamed,3,10
6621969570,7041199931,159.74473806070935,residential,National Media Crentre Road,1,9
6621969570,12874592608,21.975546609647846,residential,National Media Crentre Road,1,11
6542350888,6542335532,73.26893155357158,service,unnamed,1,10
6542350888,6542335531,14.742587100474061,service,unnamed,1,16
6542350888,6542335533,14.444138692671814,service,unnamed,1,16
6542350888,6542335584,108.21051774365999,service,unnamed,1,16
6542350890,6542350913,16.667885168897183,service,unnamed,1,14
6542350890,6542335547,49.21376470907132,service,unnamed,1,14
6542350890,3735851101,82.81204485660126,service,unnamed,1,12
6542350890,6542350892,88.00198043875557,service,unnamed,1,12
10988993069,4196520847,41.0960565062744,service,unnamed,1,8
10988993069,10988993070,50.877295687761986,service,unnamed,1,6
10988993070,10988993069,50.877295687761986,service,unnamed,1,6
6542350892,3735851101,19.61319262396651,tertiary,unnamed,2,8
6542350892,6542350890,88.00198043875557,service,unnamed,1,12
6542350893,6542350894,74.52123017898123,service,unnamed,1,8
6542350894,6542350893,74.52123017898123,service,unnamed,1,8
6542350894,6542350896,14.46854270213418,service,unnamed,1,12
6542350894,6542335501,98.79778521902003,service,unnamed,1,12
6542350895,6542350896,81.13683832129871,service,unnamed,1,8
6542350896,6542350895,81.13683832129871,service,unnamed,1,8
6542350896,6542350894,14.46854270213418,service,unnamed,1,12
6542350896,6542350912,31.63288371928835,service,unnamed,1,12
6542350898,6542350913,6.918059284556784,service,unnamed,1,12
6542350898,6542350902,33.130763185443776,service,unnamed,1,12
6542350898,6542350902,55.02590217929601,service,unnamed,1,12
2533456440,5066137690,699.0031202876164,unknown,Rapid MetroRail Gurgaon,1,8
6542350906,6542350908,16.04433967468451,service,unnamed,1,12
6542350906,6542350907,107.84338394307535,service,unnamed,1,12
6542350906,6542350901,77.92264642306071,service,unnamed,1,12
6542350907,6542350903,12.889983592234072,service,unnamed,1,12
6542350907,6542335541,12.663146442591126,service,unnamed,1,12
6542350907,6542350906,107.84338394307535,service,unnamed,1,12
6542350908,6542350906,16.04433967468451,service,unnamed,1,12
6542350908,6542335541,105.79176507827174,service,unnamed,1,12
6542350908,6542350909,16.648330354195313,service,unnamed,1,12
6542350909,6542350908,16.648330354195313,service,unnamed,1,12
6542350909,6542350912,16.68722956749433,service,unnamed,1,12
6542350909,6542350910,102.42360018643393,service,unnamed,1,12
6542350910,6542335541,15.093891699099073,service,unnamed,1,12
6542350910,6542350911,15.654054017508338,service,unnamed,1,12
6542350910,6542350909,102.42360018643393,service,unnamed,1,12
6542350911,6542350910,15.654054017508338,service,unnamed,1,12
6542350911,6542335501,17.364583497964766,service,unnamed,1,12
6542350911,6542350912,104.15739225620378,service,unnamed,1,12
6542350912,6542350909,16.68722956749433,service,unnamed,1,12
6542350912,6542350911,104.15739225620378,service,unnamed,1,12
6542350912,6542350896,31.63288371928835,service,unnamed,1,12
6542350913,6542350890,16.667885168897183,service,unnamed,1,14
6542350913,6542350903,11.502621835299674,service,unnamed,1,12
6542350913,6542350898,6.918059284556784,service,unnamed,1,12
2533456456,5066137691,80.99310433056328,unknown,Rapid MetroRail Gurgaon,1,8
6542350902,6542350901,14.704556451380085,service,unnamed,1,12
6542350902,6542350898,33.130763185443776,service,unnamed,1,12
6542350902,6542350898,55.02590217929602,service,unnamed,1,12
10988993136,535297615,106.19154983732436,tertiary,Jwala Mill Marg,2,8
10988993136,10988993138,82.54321472649518,service,unnamed,1,6
2533456505,5066137691,496.7906329042845,unknown,Rapid MetroRail Gurgaon,1,8
10988993138,10988993136,82.54321472649518,service,unnamed,1,6
10989034113,10989032223,24.874434291709722,service,unnamed,1,12
10989034113,10989025625,18.347282507635718,service,unnamed,1,12
10989034113,10989034114,50.220692611999425,service,unnamed,1,8
10989034114,10989034113,50.220692611999425,service,unnamed,1,8
2533456532,2533456543,103.62742214440415,unknown,Rapid MetroRail Gurgaon,1,8
2721061525,10901226762,3266.4108865051126,unknown,unnamed,1,10
2533456540,2533456543,29.089401269162035,unknown,Rapid MetroRail Gurgaon,1,12
2533456540,2533456552,174.18330294874846,unknown,Rapid MetroRail Gurgaon,1,12
2533456540,5066137690,819.0113576476037,unknown,Rapid MetroRail Gurgaon,1,12
2533456543,2533456540,29.089401269162035,unknown,Rapid MetroRail Gurgaon,1,12
2533456543,2533456532,103.62742214440415,unknown,Rapid MetroRail Gurgaon,1,8
2533456543,2533456549,120.63295053231555,unknown,Rapid MetroRail Gurgaon,1,12
2533456549,2533456552,25.509116629364947,unknown,Rapid MetroRail Gurgaon,1,12
2533456549,2533456543,120.63295053231555,unknown,Rapid MetroRail Gurgaon,1,12
2533456549,2533456564,48.777046905019255,unknown,Rapid MetroRail Gurgaon,1,8
2533456552,2533456549,25.509116629364947,unknown,Rapid MetroRail Gurgaon,1,12
2533456552,1988848864,1477.362473140292,unknown,Rapid MetroRail Gurgaon,1,12
2533456552,2533456540,174.18330294874846,unknown,Rapid MetroRail Gurgaon,1,12
2533456564,2533456549,48.777046905019255,unknown,Rapid MetroRail Gurgaon,1,8
5487712961,4146148469,110.26061788061729,residential,unnamed,1,8
7097907935,249120661,13.574023377847523,secondary_link,unnamed,1,6
7097907935,7479404864,160.23629186793175,tertiary,unnamed,2,7
11135875807,6542335507,38.478403195915895,service,unnamed,1,8
249223913,9913624542,7.017937049113787,tertiary,Jacaranda Marg,2,12
249223913,4145980061,64.38220481282403,tertiary,Jacaranda Marg,2,14
249223913,1374550427,69.56727805716264,residential,unnamed,1,14
249223913,12771745571,100.88128488649912,residential,M1,1,13
11502199502,1648520588,2.146924896941287,residential,unnamed,1,8
11502199502,11502199507,34.63618463510963,service,unnamed,1,6
10882669363,5830110543,72.70742898997207,secondary,unnamed,3,6
10882669363,4135484307,49.71704506789659,service,unnamed,1,8
11502199507,11502199502,34.63618463510963,service,unnamed,1,6
9913826106,4196520833,38.83236922511243,service,unnamed,1,8
9913826109,4196528041,39.45841357550187,service,unnamed,1,8
9913826109,4196528041,175.73933124016577,service,unnamed,1,8
10012516898,6539370078,27.639726092241155,service,unnamed,1,8
4203723647,4135552624,23.986482174076023,residential,unnamed,1,12
4203723647,10277804494,30.595766732443703,residential,unnamed,1,8
4203723647,4135484376,37.83372815993999,residential,unnamed,1,12
4203723651,414357324,36.11838226952202,residential,unnamed,1,12
4203723651,4135552624,34.69309870224048,residential,unnamed,1,12
4203723651,10277804493,25.459680297141894,residential,unnamed,1,12
4135484294,254569398,33.31228722244229,residential,U-36,1,12
4135484294,537457029,29.539352507778933,residential,U-36,1,12
4135484294,4135483782,136.10793362093943,residential,unnamed,1,8
4202142600,4135484332,21.62566239601689,residential,unnamed,1,12
4202142600,4135550232,165.17634650169072,residential,unnamed,1,10
4202142600,4202142603,26.716601873980736,service,unnamed,1,8
4202142601,414352335,36.990847902369964,residential,unnamed,1,12
4202142601,4135484332,32.082878839232876,residential,unnamed,1,12
4202142601,12105554982,13.85202631732267,service,unnamed,1,8
4202142603,4202142600,26.716601873980736,service,unnamed,1,8
4202142604,414352335,20.025524508649546,residential,unnamed,1,12
4202142604,4135484342,53.507224979779075,residential,unnamed,1,12
4202142604,12105554981,25.972900114019332,service,unnamed,1,8
4202142605,4135550227,30.638826547682655,residential,unnamed,1,12
4202142605,414352335,25.704599274472233,residential,unnamed,1,12
4202142605,9914122796,30.114337630201184,service,unnamed,1,8
4135484302,414357462,71.06816983354237,service,unnamed,1,12
4135484302,13049530736,103.7653021782514,service,unnamed,1,12
4135484302,9914134138,108.07613194957408,service,unnamed,1,8
4203723660,4203723659,29.099394897043492,residential,unnamed,1,14
4203723660,4146080477,37.5800230131678,residential,unnamed,1,12
4203723660,4146080476,73.70137233676442,residential,unnamed,1,12
4203723659,414357324,24.561329527517138,residential,unnamed,1,14
4203723659,4203723660,29.099394897043492,residential,unnamed,1,14
4203723659,10079172277,22.777786441337373,residential,unnamed,1,10
4203723659,10277804493,35.772975680404336,residential,unnamed,1,14
4135484306,10989025625,49.4597904651939,service,unnamed,1,12
4135484306,414357416,16.512574037474064,service,unnamed,1,12
4135484306,10989014247,60.24848559786354,service,unnamed,1,12
4135484307,535297604,94.85571351106015,residential,unnamed,1,9
4135484307,4135484318,278.21046417776165,service,unnamed,1,11
4135484308,10989089604,15.125969604689653,service,unnamed,1,12
4135484308,10989014247,52.90813437098934,service,unnamed,1,12
4135484308,414357462,37.26846099048497,service,unnamed,1,12
4202142610,4135550237,30.316080268068422,residential,unnamed,1,12
4202142610,4135484342,25.553426761254233,residential,unnamed,1,12
4202142610,10976554858,30.181362174770744,service,unnamed,1,8
4202142617,4202142619,29.873089876304267,service,unnamed,1,8
4202142614,4135550227,21.098787051090206,residential,unnamed,1,8
4202142615,4135484342,65.05772557741332,residential,unnamed,1,12
4202142615,266586025,55.39028622673049,residential,unnamed,1,12
4202142615,10882761706,21.62957989753919,service,unnamed,1,8
6723402649,6723402653,18.96004002964828,service,unnamed,1,8
6723402650,6723402652,18.09967142361357,service,unnamed,1,9
4135484318,4196520833,49.948959761869595,service,unnamed,1,12
4135484318,4135484307,278.21046417776165,service,unnamed,1,11
4135484318,10989089604,97.70762075709817,service,unnamed,1,12
4202142626,266586024,20.216650145559324,residential,unnamed,1,12
4202142626,414357293,42.67216210080047,residential,unnamed,1,14
4202142626,10882728746,28.77282425212318,residential,unnamed,1,8
4135484324,5487635744,189.77493613663324,residential,unnamed,1,8
4202142629,266586024,31.700765601609806,tertiary,Udyog Vihar Phase V Road,2,10
4202142629,4202142632,25.28501495984716,service,unnamed,1,6
4135484334,414357412,161.14792859120374,service,unnamed,1,8
4135484329,4135484332,51.76637166150041,residential,unnamed,1,10
4135484329,10988993136,4.184546174209659,tertiary,Jwala Mill Marg,2,8
6723402665,11502109236,41.10816200236101,service,unnamed,1,11
6723402665,11502109237,15.774656348751753,service,unnamed,1,11
6723402665,12771745571,19.47947802952484,service,unnamed,1,10
6723402668,11502118761,15.533582625948535,service,unnamed,1,12
6723402668,1987622489,24.009581306468075,service,unnamed,1,12
6723402668,11502109238,57.03665813894143,service,unnamed,1,12
4135484338,1564014080,131.03440054996142,service,unnamed,1,7
4135484332,4135484329,51.76637166150041,residential,unnamed,1,10
4135484332,4202142600,21.62566239601689,residential,unnamed,1,12
4135484332,4202142601,32.082878839232876,residential,unnamed,1,12
4135484336,4135484349,200.00333907648755,residential,unnamed,1,8
4202142647,414357293,108.60114368941943,residential,unnamed,1,14
4202142647,4202142651,50.47071348344281,residential,unnamed,1,12
4202142647,414356186,63.71358320030474,residential,unnamed,1,14
4202142643,4135484376,92.94951591282305,residential,unnamed,1,12
4202142643,4135484366,51.51515653832429,residential,unnamed,1,12
4202142643,4202142651,66.90140067287058,residential,unnamed,1,12
537508793,11939321869,1316.0108455989312,secondary,"['Road to Sector 56', 'Sector Road to Sector 56']",3,5
2719652789,2721312541,2348.0558879278506,unknown,unnamed,1,10
13974256566,2686108235,4.509242337315289,service,unnamed,1,12
13974256566,3735851089,52.51858718388959,service,unnamed,1,8
13974256566,13974256569,81.36954174613783,service,unnamed,1,8
4202142656,414354174,52.49091250798038,residential,unnamed,1,12
4202142656,4135484376,44.90659720328025,residential,unnamed,1,12
4202142656,4202142651,60.70541562255586,residential,unnamed,1,12
13974256569,13974256566,81.36954174613784,service,unnamed,1,8
4135484347,4135484360,73.42075040350485,service,unnamed,1,8
4135484349,4135484344,77.04964097943453,tertiary,Moulsari Road,2,12
4135484349,13271937723,71.72118434703434,tertiary,Moulsari Road,2,12
4135484349,4135484336,200.00333907648755,residential,unnamed,1,8
10170571720,9913894235,29.70880161845046,service,unnamed,1,10
10170571720,10680334619,15.44212097764234,service,unnamed,1,12
10170571720,9913894237,30.97450041902018,service,unnamed,1,12
4135484360,4135484347,73.42075040350485,service,unnamed,1,8
4135484360,13271937723,17.043466020441564,tertiary,Moulsari Road,2,12
4135484360,3512126602,19.251453120882292,tertiary,Moulsari Road,2,12
4135484362,414357332,49.40585928298576,residential,unnamed,1,14
4135484362,414352332,30.124856271273416,residential,unnamed,1,14
4135484362,4135484366,68.65875669458728,residential,unnamed,1,12
4135484366,414357293,46.32144233118425,residential,unnamed,1,14
4135484366,4135484362,68.65875669458728,residential,unnamed,1,12
4135484366,4202142643,51.51515653832429,residential,unnamed,1,12
4135484376,4202142643,92.94951591282305,residential,unnamed,1,12
4135484376,4202142656,44.90659720328025,residential,unnamed,1,12
4135484376,4203723647,37.83372815993999,residential,unnamed,1,12
4135484381,414357312,40.443709886061896,residential,unnamed,1,8
12105554981,4202142604,25.972900114019332,service,unnamed,1,8
12105554982,4202142601,13.85202631732267,service,unnamed,1,8
8113691717,11939315168,34.082978492607154,tertiary,unnamed,2,7
11021346059,1374550420,7.820871963233595,residential,unnamed,1,12
11021346059,4146148466,51.463192263199105,residential,unnamed,1,12
11021346059,11021346060,52.26815786104836,residential,unnamed,1,8
11021346060,11021346059,52.26815786104836,residential,unnamed,1,8
12114623609,12114623616,38.43587803048881,service,unnamed,1,8
12114623609,12114623616,196.2645190808074,service,unnamed,1,8
12114623616,4196528044,47.80093380142385,service,unnamed,1,8
12114623616,12114623609,196.2645190808074,service,unnamed,1,8
14147976331,14147976338,25.578116417035943,service,DLF Tower 10th Road,1,6
14147976331,14147976338,48.70057754719733,service,unnamed,1,6
1564884112,1564884113,52.186244766450386,residential,National Media Centre - Peripheral Road,1,12
1564884112,13049915258,14.61654024968816,residential,National Media Centre - Peripheral Road,1,12
1564884112,13049915260,23.207171740066293,residential,unnamed,1,12
1564884113,1564884112,52.186244766450386,residential,National Media Centre - Peripheral Road,1,12
1564884113,7479404916,15.745962189644743,residential,National Media Centre - Peripheral Road,1,12
1564884113,1564884117,28.21360953099053,path,unnamed,1,14
1399602319,7479404861,14.263173113959587,service,unnamed,1,8
1399602319,9914269092,46.58371988503586,service,DLF Tower 10th Road,1,8
1399602320,1399602322,15.647898733299252,service,unnamed,1,8
1399602320,7479404861,3.8419887594843356,service,DLF Tower 10th Road,1,8
1564884117,1564884115,90.27713603735602,service,unnamed,1,14
1564884117,1564884120,58.27643038654327,path,unnamed,1,16
1564884117,13036758669,28.727523343220042,path,unnamed,1,14
1564884117,1564884113,28.21360953099053,path,unnamed,1,14
1399602322,1399602319,9.742175681475322,service,DLF Tower 10th Road,1,8
1564884120,1564884131,66.03111254973558,service,unnamed,1,14
1564884120,1564884124,27.717765132880725,path,unnamed,1,14
1564884120,1564884117,58.27643038654327,path,unnamed,1,16
1564884120,7479404924,28.77894167117995,path,unnamed,1,16
14147976338,6618760979,2.4687425180355675,service,DLF Tower 10th Road,1,7
1564884116,1564884115,15.62109899639616,residential,National Media Centre - Peripheral Road,1,12
1564884116,1564884125,64.84489093307424,residential,National Media Centre - Peripheral Road,1,12
1564884116,13036758669,108.73148778303155,"['residential', 'path']",unnamed,1,12
9537051799,4757946061,91.30518141785356,secondary,unnamed,3,6
9537051799,9537051800,87.26305795208965,secondary_link,unnamed,1,6
1564884124,1564884138,67.26678355807789,residential,unnamed,1,12
1564884124,1564884120,27.717765132880725,path,unnamed,1,14
1564884124,13036758667,26.25620362596782,path,unnamed,1,12
9537051800,267125891,163.00000535853152,secondary,unnamed,3,6
1564884129,1564884125,165.8291649032301,service,unnamed,1,8
1564884130,1564884134,26.369214940284294,residential,National Media Centre - Peripheral Road,1,12
1564884130,1564884126,28.354231246346057,residential,National Media Centre - Peripheral Road,1,12
1564884130,13118738692,80.69596789567373,"['residential', 'path']",unnamed,1,12
1564884131,1564884120,66.03111254973558,service,unnamed,1,14
1564884131,1564884138,29.350102218474415,residential,National Media Centre - Peripheral Road,1,12
1564884131,7479404924,115.6902267929259,residential,National Media Centre - Peripheral Road,1,14
1564884132,7479404923,36.89577590881433,residential,unnamed,1,12
1564884132,7479404928,152.001668057598,"['residential', 'path']",unnamed,1,12
1564884132,1564884143,29.263901378660012,path,unnamed,1,12
1564884125,7479404923,4.147017042397922,residential,National Media Centre - Peripheral Road,1,12
1564884125,1564884129,165.8291649032301,service,unnamed,1,8
1564884125,1564884116,64.84489093307424,residential,National Media Centre - Peripheral Road,1,12
1564884126,1564884140,46.52381719173792,service,unnamed,1,8
1564884126,1564884130,28.354231246346057,residential,National Media Centre - Peripheral Road,1,12
1564884126,7479404923,26.40224284977401,residential,National Media Centre - Peripheral Road,1,12
1564884138,1564884124,67.26678355807789,residential,unnamed,1,12
1564884138,1564884131,29.350102218474415,residential,National Media Centre - Peripheral Road,1,12
1564884138,1564884144,26.764707850317187,residential,National Media Centre - Peripheral Road,1,12
1564884134,1564884130,26.369214940284294,residential,National Media Centre - Peripheral Road,1,12
1564884134,1564884154,81.28994410273854,service,unnamed,1,12
1564884134,13240462310,76.18138156411597,residential,National Media Centre - Peripheral Road,1,12
1564884140,1564884126,46.52381719173792,service,unnamed,1,8
1564884144,1564884138,26.764707850317187,residential,National Media Centre - Peripheral Road,1,12
1564884144,1564884148,27.696375998964903,residential,National Media Centre - Peripheral Road,1,12
1564884144,13036758665,60.7383474491648,"['service', 'path']",unnamed,1,12
1564884143,13036758673,26.523397284250784,path,unnamed,1,12
1564884143,1564884151,166.38546812189986,service,unnamed,1,12
1564884143,1564884132,29.263901378660012,path,unnamed,1,12
1564884148,1564884144,27.696375998964903,residential,National Media Centre - Peripheral Road,1,12
1564884148,1564884151,28.9715879394502,residential,National Media Centre - Peripheral Road,1,12
1564884148,7479404928,34.618670900601025,residential,unnamed,1,12
1564884151,1564884148,28.9715879394502,residential,National Media Centre - Peripheral Road,1,12
1564884151,1564884158,43.37205891369809,residential,National Media Centre - Peripheral Road,1,12
1564884151,1564884143,166.38546812189986,service,unnamed,1,12
1564884154,1564884134,81.28994410273854,service,unnamed,1,12
1564884154,1564884156,5.367575729313115,path,unnamed,1,12
1564884154,13049915269,24.59780851713183,path,unnamed,1,12
1564884156,13118738692,22.918979122834134,path,unnamed,1,12
1564884156,1564884162,138.44348531400192,service,unnamed,1,12
1564884156,1564884154,5.367575729313115,path,unnamed,1,12
2721037502,1376471728,81.91505661342705,residential,unnamed,1,24
2721037502,1376471728,81.91505661342705,unknown,unnamed,1,24
2721037502,6865208219,65.27109588381518,residential,unnamed,1,14
2721037502,2721061505,2637.1486286794675,unknown,unnamed,1,10
1564884158,1564884151,43.37205891369809,residential,National Media Centre - Peripheral Road,1,12
1564884158,1564884162,15.192042271633856,residential,National Media Centre - Peripheral Road,1,12
1564884158,13036758673,128.9829684313539,"['residential', 'path']",unnamed,1,12
1564884162,1564884158,15.192042271633856,residential,National Media Centre - Peripheral Road,1,12
1564884162,13240462311,155.45632337417874,residential,National Media Centre - Peripheral Road,1,12
1564884162,1564884156,138.44348531400192,service,unnamed,1,12
1564884175,12874592610,17.142423860117564,residential,unnamed,1,8
1358732497,1359090720,19.671905938008234,service,unnamed,1,8
1358732497,1648207617,174.0259703000554,service,DLF Tower 10th Road,1,7
4140072172,4140072181,71.88332380376843,residential,U-80,1,8
1358732524,3225859836,6.728755359842007,service,unnamed,1,14
1358732524,6618760982,13.042848856711602,service,unnamed,1,10
1358732524,1358732497,95.30509993516962,service,DLF Tower 10th Road,1,10
1358732526,6092477637,14.557302630550954,tertiary,unnamed,2,7
1358732526,7050634344,15.467117765480166,service,unnamed,1,10
4140072181,484649625,33.01490126722553,residential,unnamed,1,14
4140072181,4140072292,117.64622573573075,residential,U-80,1,12
4140072181,4140072172,71.88332380376843,residential,U-80,1,8
4140072182,4140072184,37.08835382300803,residential,U-1,1,10
4140072182,9911436672,4.4898656599818905,residential,unnamed,1,10
4140072182,7484462384,158.2973493031526,residential,unnamed,1,8
4140072184,484649628,31.170669858124818,residential,U-1,1,10
4140072184,4146148455,55.251493802055364,residential,U-73,1,10
6467828992,5830038204,1367.5770683167277,motorway,Delhi-Gurugram Expressway,5,4
6467828997,13600662931,795.496691228348,secondary,unnamed,3,5
4135550227,4202142605,30.638826547682655,residential,unnamed,1,12
4135550227,4202142614,21.098787051090206,residential,unnamed,1,8
4135550227,4135484345,336.71876949673504,residential,unnamed,1,12
4135550232,4202142600,165.17634650169072,residential,unnamed,1,10
4135550232,266586026,50.53170844279143,tertiary,Udyog Vihar Phase V Road,2,9
4135550237,4135484345,16.205889874823125,residential,unnamed,1,12
4135550237,4202142610,30.316080268068422,residential,unnamed,1,12
4135550237,11133588060,33.67086425135844,service,unnamed,1,8
12100548983,12100548988,71.29412102845211,service,unnamed,1,8
4135550240,12100496077,93.34903637450805,residential,unnamed,1,8
4135550240,4135550246,29.292762090166065,service,unnamed,1,10
4135550246,4135550246,251.710357571766,service,unnamed,1,12
4135550246,4135550246,251.71035757176602,service,unnamed,1,12
4135550246,4135550240,29.292762090166068,service,unnamed,1,10
4135550247,4202124063,44.8868957123069,tertiary,Jwala Mill Marg,2,12
4135550247,6556589435,57.90952688808898,residential,unnamed,1,12
4135550247,535297623,12.296590189843968,tertiary,Jwala Mill Marg,2,11
4135550251,4135550240,52.492590158752414,residential,unnamed,1,8
4135550251,12100548988,13.897244125161851,service,unnamed,1,10
12100548988,12100548983,71.29412102845211,service,unnamed,1,8
12100548988,4135550251,13.897244125161851,service,unnamed,1,10
12100548988,12100548992,116.61335885210492,service,unnamed,1,10
4135550265,4202124063,31.615308954635683,tertiary,Jwala Mill Marg,2,12
4135550265,1564014083,23.988213958618783,tertiary,Jwala Mill Marg,2,11
4135550265,4135552591,77.38243110785942,residential,unnamed,1,12
4196433217,484649630,27.425120917272164,residential,U-76,1,10
12100548992,4135550251,103.88602847232444,residential,unnamed,1,8
12100548992,12100548988,116.61335885210494,service,unnamed,1,10
4252843351,9914282427,116.00644594674408,service,unnamed,1,7
4252843351,2339181923,18.443151795366813,service,unnamed,1,7
11481660764,11481660767,16.60331988376355,unknown,unnamed,1,16
11481660764,11481660767,16.60331988376355,unknown,द: NUKKAD,1,16
11481660764,11481660765,11.734043028433415,unknown,द: NUKKAD,1,16
11481660764,10901226761,266.1871287109853,unknown,unnamed,1,16
11481660765,11481660766,43.44672347638599,unknown,Nestlé House,1,16
11481660765,11481660766,43.44672347638599,unknown,द: NUKKAD,1,16
11481660765,11481660766,372.0138069951327,unknown,Nestlé House,1,16
11481660765,11481660764,11.734043028433415,unknown,द: NUKKAD,1,16
11481660767,11481660764,16.60331988376355,unknown,unnamed,1,16
11481660767,11481660764,16.60331988376355,unknown,द: NUKKAD,1,16
11481660767,1376471728,13.671940251164138,unknown,unnamed,1,24
11481660767,1376471728,13.671940251164138,unknown,द: NUKKAD,1,24
11481660766,11481660765,43.44672347638599,unknown,Nestlé House,1,16
11481660766,11481660765,43.44672347638599,unknown,द: NUKKAD,1,16
11481660766,11481660765,372.01380699513277,unknown,Nestlé House,1,16
11481660766,1376471728,44.64146832334496,unknown,द: NUKKAD,1,24
4140072289,12771745571,47.183393733082866,residential,M1,1,11
4140072289,412205004,88.50287050725134,residential,M1,1,14
4140072289,1376471728,109.07348258164944,residential,unnamed,1,22
12919086435,2686108235,63.14298923163439,service,unnamed,1,10
12919086435,7097907935,39.12794483290148,tertiary,unnamed,2,7
4140072292,4140072181,117.64622573573075,residential,U-80,1,12
4140072292,12099973715,32.11952828690045,residential,unnamed,1,9
4140072292,537504274,5.34828753190557,residential,U-80,1,12
4140072293,4140072296,101.06159356136304,residential,U-2,1,12
4140072293,12122065666,6.070901507810346,residential,U-2,1,10
4140072293,4140072295,32.207458764670484,residential,Road Number 16,1,12
4140072295,12993968599,6.440226418524776,residential,unnamed,1,10
4140072295,4140072296,132.3070901882375,residential,U-3,1,12
4140072295,12099973711,58.30327566515507,residential,Road Number 16,1,10
4140072301,254569302,45.627711372400036,residential,Gali Number 15,1,12
4140072301,4140072302,37.02994701859029,residential,Gali Number 15,1,12
4140072301,7479404876,47.0121644680753,residential,Gali Number 21,1,12
4252843374,4567599945,36.87164823060009,footway,unnamed,1,14
4252843374,9942251755,63.36875685102009,footway,DLF Cybercity footpath,1,12
4252843374,13246051194,257.29768397217344,"['steps', 'footway']",unnamed,1,12
4140072302,4140072307,125.02813639832883,residential,unnamed,1,12
4140072302,4140072301,37.02994701859029,residential,Gali Number 15,1,12
4140072302,254569308,34.52282227624203,residential,Gali Number 15,1,12
4140072296,4140072293,101.06159356136304,residential,U-2,1,12
4140072296,9911436679,33.49548994119443,residential,unnamed,1,10
4140072296,4140072295,132.3070901882375,residential,U-3,1,12
4140072305,7479404876,47.388585820592255,residential,Gali Number 21,1,12
4140072305,4139896014,130.33274621004045,"['residential', 'service']",unnamed,1,12
4140072305,4140072307,62.424516288533546,residential,Gali Number 21,1,12
4140072307,4140072302,125.02813639832883,residential,unnamed,1,12
4140072307,254569308,161.16052562573992,residential,Gali Number 19,1,12
4140072307,4140072305,62.424516288533546,residential,Gali Number 21,1,12
6556589435,414352332,65.7099121000897,residential,unnamed,1,14
6556589435,4135550247,57.90952688808898,residential,unnamed,1,12
6556589435,6556589438,76.74635967095547,residential,unnamed,1,12
6556589438,414357333,60.04213651875414,residential,unnamed,1,10
6556589438,414357332,63.41531371029447,residential,unnamed,1,14
6556589438,6556589435,76.74635967095547,residential,unnamed,1,12
11502116247,4203709989,2.870271732203594,service,unnamed,1,12
11502116247,414357452,51.6439922516865,service,unnamed,1,12
11502116247,11502116249,16.659042299647997,service,unnamed,1,12
11502116248,4203709996,4.093050671637794,service,unnamed,1,12
11502116248,11502314008,12.41799884539298,service,unnamed,1,12
11502116248,11502116259,10.027778072716142,service,unnamed,1,12
11502116249,11502116259,45.94214765441099,service,unnamed,1,12
11502116249,11502116259,111.34849891625488,service,unnamed,1,12
11502116249,11502116247,16.659042299647997,service,unnamed,1,12
11502116259,11502116249,45.94214765441099,service,unnamed,1,12
11502116259,11502116249,111.3484989162549,service,unnamed,1,12
11502116259,11502116248,10.027778072716142,service,unnamed,1,12
9914269091,14147976331,12.302548012890203,service,DLF Tower 10th Road,1,7
9914269091,9914269092,14.167748001247553,service,unnamed,1,8
9914269092,9914269091,14.167748001247553,service,unnamed,1,8
9914269092,6618760978,42.18376781472589,service,DLF Tower 10th Road,1,8
4252843430,4252843418,15.019565358584119,footway,unnamed,1,12
4252843430,4252843435,11.020352897609616,footway,unnamed,1,12
4252843430,4252843443,16.874230794912627,footway,unnamed,1,12
4252843435,4252843419,14.448968287945116,footway,unnamed,1,12
4252843435,8096670781,16.35525878537579,footway,unnamed,1,14
4252843435,4252843430,11.020352897609616,footway,unnamed,1,12
4252843443,4252843418,17.672643414706737,footway,unnamed,1,12
4252843443,8096670781,55.23867840115957,footway,unnamed,1,14
4252843443,4252843430,16.874230794912627,footway,unnamed,1,12
11502296508,11502314020,5.874045005618641,service,unnamed,1,12
11502296508,11502193099,5.708722528019409,service,unnamed,1,12
11502296508,11502296514,94.62805159079937,service,unnamed,1,12
11502296513,11502296514,26.215089852356904,service,unnamed,1,12
11502296513,11502296514,35.64736975794173,service,unnamed,1,12
11502296513,414357454,33.500664595637694,service,unnamed,1,12
11502296514,11502296513,26.215089852356904,service,unnamed,1,12
11502296514,11502296513,35.64736975794173,service,unnamed,1,12
11502296514,11502296508,94.62805159079937,service,unnamed,1,12
2785091023,4146148468,70.66766882029751,residential,N-6,1,8
9861676500,4139896018,194.06994055841773,residential,unnamed,1,5
11939315166,11939321871,16.000218706274843,secondary,unnamed,3,6
11939315168,11939321869,18.906445969987082,secondary_link,unnamed,1,8
11939315168,11939315166,38.1278347726593,tertiary,unnamed,2,7
10086383082,6618760977,17.51075542853217,service,unnamed,1,16
4252843418,4252843427,1.5084275424555105,footway,unnamed,1,12
4252843418,4252843430,15.019565358584119,footway,unnamed,1,12
4252843418,4252843443,17.672643414706737,footway,unnamed,1,12
4252843419,4252843435,14.448968287945116,footway,unnamed,1,12
4252843419,8096670781,18.523962704064832,footway,unnamed,1,14
4252843419,4252843427,29.113677881821673,footway,unnamed,1,12
6542335492,6542335493,30.37361445572971,service,unnamed,1,8
6542335493,6542335492,30.37361445572971,service,unnamed,1,8
6542335493,6542335495,15.621898818281622,service,unnamed,1,12
6542335493,6542335547,17.1005030067952,service,unnamed,1,12
6542335494,6542335495,30.206085706331667,service,unnamed,1,8
6542335495,6542335494,30.206085706331667,service,unnamed,1,8
6542335495,6542335562,19.120252035581604,service,unnamed,1,12
6542335495,6542335493,15.621898818281622,service,unnamed,1,12
6542335496,6542335575,50.440366735055086,service,unnamed,1,12
6542335496,6542335518,16.552544612325324,service,unnamed,1,12
6542335496,6542335567,63.96628975474998,service,unnamed,1,12
6542335500,6542335501,88.05996824614905,service,unnamed,1,8
6542335501,6542350911,17.364583497964766,service,unnamed,1,12
6542335501,6542335500,88.05996824614905,service,unnamed,1,8
6542335501,6542350894,98.79778521902003,service,unnamed,1,12
6542335505,6542335546,24.024605595470838,service,unnamed,1,12
6542335505,9914282443,94.90718504829611,service,unnamed,1,10
6542335505,6542335570,97.3366278936814,service,unnamed,1,10
6542335507,11135875807,38.478403195915895,service,unnamed,1,8
6542335507,6542335546,10.898431437085385,service,unnamed,1,12
6542335507,6542335550,4.8810722319222295,service,unnamed,1,12
6542335508,6542335513,12.34939837713287,service,unnamed,1,8
6542335513,6542335508,12.34939837713287,service,unnamed,1,8
6542335513,6542335552,42.080229317032305,service,unnamed,1,14
6542335513,6542335515,65.61321448151745,service,unnamed,1,12
6542335515,6542335555,8.558010134442407,service,unnamed,1,12
6542335515,6542335554,7.1655854682521944,service,unnamed,1,12
6542335515,6542335513,65.61321448151745,service,unnamed,1,12
4252843427,4252843418,1.5084275424555105,footway,unnamed,1,12
4252843427,2339181946,11.823184116434648,footway,unnamed,1,10
4252843427,4252843419,29.113677881821673,footway,unnamed,1,12
6542335516,6542335517,53.435699323956634,service,unnamed,1,12
6542335516,6542335576,4.441469722369714,service,unnamed,1,12
6542335516,6542335577,11.789471442216168,service,unnamed,1,12
6542335517,6542335521,14.588929244332508,service,unnamed,1,12
6542335517,6542335516,53.435699323956634,service,unnamed,1,12
6542335517,6542335522,18.538473704088705,service,unnamed,1,12
6542335518,6542335521,15.643074356406968,service,unnamed,1,12
6542335518,6542335519,50.555728254955596,service,unnamed,1,12
6542335518,6542335496,16.552544612325324,service,unnamed,1,12
6542335519,6542335518,50.555728254955596,service,unnamed,1,12
6542335519,6542335580,6.493045709574653,service,unnamed,1,12
6542335519,6542335561,9.799930407203032,service,unnamed,1,12
6542335520,6542335521,52.473970832702776,service,unnamed,1,12
6542335520,6542335577,5.801454230158256,service,unnamed,1,12
6542335520,6542335580,9.364029528462837,service,unnamed,1,12
6542335521,6542335518,15.643074356406968,service,unnamed,1,12
6542335521,6542335520,52.473970832702776,service,unnamed,1,12
6542335521,6542335517,14.588929244332508,service,unnamed,1,12
6542335522,6542335523,14.829982195750897,service,unnamed,1,12
6542335522,6542335517,18.538473704088705,service,unnamed,1,12
6542335522,6542335584,53.08447355093432,service,unnamed,1,14
6542335523,6542335522,14.829982195750897,service,unnamed,1,12
6542335523,6542335530,53.05767443107931,service,unnamed,1,14
6542335523,6542335525,14.82444069495494,service,unnamed,1,12
6542335525,6542335523,14.82444069495494,service,unnamed,1,12
6542335525,6542335526,53.25727489539047,service,unnamed,1,14
6542335525,6542335583,70.64794047929438,service,unnamed,1,12
6542335526,6542335525,53.25727489539047,service,unnamed,1,14
6542335526,6542335528,107.27353569162733,service,unnamed,1,14
6542335526,6542335583,19.331862704157512,service,unnamed,1,14
6542335526,6542335530,12.901374628806636,service,unnamed,1,16
6542335527,6542335528,70.87958800681328,service,unnamed,1,8
6542335528,6542335526,107.27353569162733,service,unnamed,1,14
6542335528,6542335531,8.985621006222265,service,unnamed,1,14
6542335528,6542335527,70.87958800681328,service,unnamed,1,8
6542335529,6542335531,71.03918300403244,service,unnamed,1,10
6542335530,6542335523,53.05767443107931,service,unnamed,1,14
6542335530,6542335531,109.07414515075854,service,unnamed,1,16
6542335530,6542335526,12.901374628806636,service,unnamed,1,16
6542335530,6542335584,13.645721839578853,service,unnamed,1,16
6542335532,6542350888,73.26893155357158,service,unnamed,1,10
6542335533,6542335576,107.89704176216587,service,unnamed,1,14
6542335533,6542335534,59.54387675319586,service,unnamed,1,10
6542335533,6542350888,14.444138692671814,service,unnamed,1,16
6542335533,6542335578,15.991692622712193,service,unnamed,1,14
6542335534,6542335533,59.54387675319586,service,unnamed,1,10
6542335535,6542335538,62.89633062192854,service,unnamed,1,8
6542335538,6542335578,2.272221848677371,service,unnamed,1,12
6542335538,6542335579,11.587523882484446,service,unnamed,1,12
6542335538,6542335535,62.89633062192854,service,unnamed,1,8
3735854653,10978241546,7.267438623116035,service,unnamed,1,7
3735854653,9945116352,50.322854312928094,footway,unnamed,1,9
6542335541,6542350907,12.663146442591126,service,unnamed,1,12
6542335541,6542350910,15.093891699099073,service,unnamed,1,12
6542335541,6542350908,105.79176507827174,service,unnamed,1,12
6542335543,6542335545,14.132168958405327,service,unnamed,1,10
6542335543,10688550684,6.485072439208327,service,unnamed,1,10
6542335543,10688550683,40.260331115436564,service,unnamed,1,10
6542335543,6542335546,78.95915098185343,service,unnamed,1,14
535297601,3742510225,138.80895179214826,residential,unnamed,1,10
535297601,1648520566,36.69241654477091,service,unnamed,1,12
535297601,414357452,111.4429562206814,service,unnamed,1,12
6542335545,6542335543,14.132168958405327,service,unnamed,1,10
535297603,11502199509,8.23011321102299,service,unnamed,1,10
535297603,11502199502,38.58243683621772,residential,unnamed,1,8
6539370053,6539387285,113.9874764842399,tertiary,unnamed,2,8
6539370053,6539370083,142.13869822610712,service,unnamed,1,10
6539370064,6539370065,66.95774025769607,service,unnamed,1,8
6539370065,6539370064,66.95774025769607,service,unnamed,1,8
6539370065,6539370066,21.079531228259327,service,unnamed,1,8
6539370065,6539370067,13.237344346409596,service,unnamed,1,12
6539370066,6539370065,21.079531228259327,service,unnamed,1,8
6539370067,6539370065,13.237344346409596,service,unnamed,1,12
6539370067,6539370083,9.206277150155682,service,unnamed,1,12
6539370067,10012516906,68.36843670212212,service,unnamed,1,12
4875345491,4875345492,12.62354995546351,service,unnamed,1,12
4875345491,6192903182,55.408257634509305,service,unnamed,1,10
4875345491,6192903180,56.011513695715145,service,unnamed,1,16
4875345491,12105551279,25.73191682656278,service,unnamed,1,10
4875345492,6192903181,53.66434571214637,residential,unnamed,1,8
4875345492,4875345491,12.62354995546351,service,unnamed,1,12
6539370078,10012516905,14.394826280011632,service,unnamed,1,14
6539370078,10012516899,105.20813893984477,service,unnamed,1,8
6539370078,10012516898,27.639726092241155,service,unnamed,1,8
535297623,4202124051,89.19373028821623,service,unnamed,1,11
535297623,414357333,61.8608327153117,tertiary,Jwala Mill Marg,2,9
535297623,4135550247,12.296590189843968,tertiary,Jwala Mill Marg,2,11
6542335579,6542335580,110.77451275588022,service,unnamed,1,12
6542335579,6542335538,11.587523882484446,service,unnamed,1,12
6542335579,6542335560,18.631697350057536,service,unnamed,1,12
6542335580,6542335579,110.77451275588022,service,unnamed,1,12
6542335580,6542335519,6.493045709574653,service,unnamed,1,12
6542335580,6542335520,9.364029528462837,service,unnamed,1,12
6542335584,6542335530,13.645721839578853,service,unnamed,1,16
6542335584,6542335576,13.786196700317847,service,unnamed,1,14
6542335584,6542335522,53.08447355093432,service,unnamed,1,14
6542335584,6542350888,108.21051774365999,service,unnamed,1,16
6542335583,6542335581,39.2767998857334,service,unnamed,1,8
6542335583,6542335526,19.331862704157512,service,unnamed,1,14
6542335583,6542335525,70.64794047929439,service,unnamed,1,12
6539370083,6539370067,9.206277150155682,service,unnamed,1,12
6539370083,6539370053,142.13869822610712,service,unnamed,1,10
6539370083,6539387285,30.43614375966304,service,unnamed,1,10
4135484342,4202142604,53.507224979779075,residential,unnamed,1,12
4135484342,4202142615,65.05772557741332,residential,unnamed,1,12
4135484342,4202142610,25.553426761254233,residential,unnamed,1,12
4145987188,12121633219,84.84045575455214,service,unnamed,1,8
4135484344,4135484349,77.04964097943453,tertiary,Moulsari Road,2,12
4135484344,5487635744,143.58606465042521,residential,unnamed,1,12
4135484344,14188607450,311.3784455383769,tertiary,Moulsari Road,2,8
4135484345,4135550237,16.205889874823125,residential,unnamed,1,12
4135484345,1673046535,61.87840415385395,residential,unnamed,1,12
4135484345,4135550227,336.71876949673504,residential,unnamed,1,12
2334514826,2686108242,26.983902729002192,service,unnamed,1,10
2334514826,2339181923,292.1889239854379,service,unnamed,1,8
2750406296,2727388897,108.57690930735583,unknown,unnamed,1,12
2750406296,2727388897,435.0355740343121,unknown,unnamed,1,12
2750406296,2852587592,183.65332957179328,unknown,unnamed,1,12
273456813,1648520566,10.306960945527361,service,unnamed,1,10
273456813,5830038203,319.28420297530715,secondary,unnamed,3,7
11829812933,6502334503,16.874456039072093,service,unnamed,1,12
11829812933,6502334497,16.464039367453356,service,unnamed,1,14
11829812933,11829812934,50.96660699776865,service,unnamed,1,12
11829812934,6502334504,16.77546958644077,service,unnamed,1,12
11829812934,11829812933,50.96660699776865,service,unnamed,1,12
11829812934,7479404859,16.156513505572438,service,unnamed,1,12
4757946055,1988848864,550.1309400831994,unknown,Rapid MetroRail Gurgaon,1,8
4757946061,8824533021,32.48243217931142,secondary,unnamed,3,6
10978000603,4146080469,33.42639956420204,residential,unnamed,1,8
11499273950,537504282,18.069654598620215,residential,U 59 Road,1,8
11502427880,1384175073,6.4869249790229455,service,unnamed,1,8
11502427880,11502427881,42.4217091731852,service,unnamed,1,7
11502427881,13246051191,68.07085125327512,tertiary,unnamed,2,7
6639656685,9911436681,10.351350117879552,tertiary,unnamed,2,6
6639656685,6639608480,199.28630306499312,service,unnamed,1,6
6480871155,3735847367,6.200775857400637,service,unnamed,1,9
6480871155,10989273701,50.600929491641025,secondary,Shankar Chowk Road,3,8
2511126289,6502334497,38.95426048830762,service,unnamed,1,14
2511126289,6502334505,24.44951418204,service,unnamed,1,10
2511126289,13289640463,25.821524490364908,service,unnamed,1,12
12771745571,4140072289,47.183393733082866,residential,M1,1,11
12771745571,249223913,100.88128488649912,residential,M1,1,13
1374530058,1374530046,233.38990185404333,residential,unnamed,1,12
1374530058,1374530060,53.4981891276313,residential,unnamed,1,12
1374530058,1374530053,52.44721270914666,residential,unnamed,1,14
13293576219,2727388924,418.4750848276278,unknown,unnamed,1,16
13293576219,2727388924,418.4750848276278,unknown,DLF Cyber Hub,1,16
13293576219,2727388897,140.62972517943174,unknown,unnamed,1,14
13293576219,2727388947,326.1160170624619,unknown,DLF Cyber Hub,1,16
10978066307,10277804493,13.48878862781079,residential,unnamed,1,8
1374530060,1374530058,53.4981891276313,residential,unnamed,1,12
1374530060,1374530048,236.78683413986676,residential,unnamed,1,12
1374530060,1374530064,53.31215838513445,residential,unnamed,1,12
537504271,537504275,170.16738339262798,residential,U-52,1,14
537504271,1648207257,30.66606105619473,residential,U 59 Road,1,14
537504271,537504269,35.18047568450386,residential,unnamed,1,14
537504271,9911436676,35.67112976202975,residential,unnamed,1,13
1374530064,1374513037,237.38368171780945,residential,unnamed,1,12
1374530064,4145980061,71.21996264285205,residential,unnamed,1,12
1374530064,1374530060,53.31215838513445,residential,unnamed,1,12
537504273,4135483759,34.151107686104154,residential,Gali Number 69,1,12
537504273,537504266,180.14790534267283,residential,unnamed,1,8
537504273,7484462407,34.66324305441311,residential,Gali Number 69,1,8
412204981,412205004,520.5738039569358,residential,M1,1,10
412205004,4140072289,88.50287050725134,residential,M1,1,14
412205004,412204981,520.5738039569358,residential,M1,1,10
412205004,1374530053,70.33057906965628,residential,unnamed,1,16
412205004,1376471728,50.501908494448486,residential,unnamed,1,24
6884597714,6884597717,107.61640053101097,tertiary,Moulsari Road,2,8
6884597714,6884597717,155.9211801685165,footway,unnamed,1,8
6884597717,7041199931,128.09396138770643,tertiary,Moulsari Road,2,8
6884597717,6884597714,155.92118016851649,footway,unnamed,1,8
